"name","pname","version","patches","system","out","outputs","store_path","cpe","purl","urls","pname_meta","version_meta","meta_homepage","meta_unfree","meta_description","meta_license_short","meta_license_spdxid","meta_maintainers_email"
"abseil-cpp-20240116.1","abseil-cpp","20240116.1","","aarch64-linux","/nix/store/wkj0hbbb03x0s2vx22x58vdkl6m5jsrr-abseil-cpp-20240116.1","['/nix/store/wkj0hbbb03x0s2vx22x58vdkl6m5jsrr-abseil-cpp-20240116.1']","/nix/store/c0l46wg9fnp8z2lxxhrm4azpl84n50rp-abseil-cpp-20240116.1.drv","cpe:2.3:a:abseil-cpp:abseil-cpp:20240116.1:*:*:*:*:*:*:*","pkg:nix/abseil-cpp@20240116.1","","abseil-cpp","20240116.1","https://abseil.io/","False","An open-source collection of C++ code designed to augment the C++ standard library","asl20","Apache-2.0","gaetan@glepage.com"
"acl-2.3.2","acl","2.3.2","","aarch64-linux","/nix/store/0j1vl03cf7xylv44zbz8lbh8cda0bgm8-acl-2.3.2","['/nix/store/0j1vl03cf7xylv44zbz8lbh8cda0bgm8-acl-2.3.2']","/nix/store/j16h2faphv71d06srif8gpnc33csca4a-acl-2.3.2.drv","cpe:2.3:a:acl:acl:2.3.2:*:*:*:*:*:*:*","pkg:nix/acl@2.3.2","","acl","2.3.2","https://savannah.nongnu.org/projects/acl","False","Library and tools for manipulating access control lists","gpl2Plus","GPL-2.0-or-later",""
"attr-2.5.2","attr","2.5.2","","aarch64-linux","/nix/store/6js79lc2ys40z4ibq5dkj286rwqqxpkm-attr-2.5.2","['/nix/store/6js79lc2ys40z4ibq5dkj286rwqqxpkm-attr-2.5.2']","/nix/store/96b526vgi6cb1j08p8dl0iafivhn2gds-attr-2.5.2.drv","cpe:2.3:a:attr_project:attr:2.5.2:*:*:*:*:*:*:*","pkg:nix/attr@2.5.2","","attr","2.5.2","https://savannah.nongnu.org/projects/attr/","False","Library and tools for manipulating extended attributes","gpl2Plus","GPL-2.0-or-later",""
"audit-3.1.2","audit","3.1.2","","aarch64-linux","/nix/store/471xiwjkpz2mz1pq3jxndfdk2mdzqmd8-audit-3.1.2","['/nix/store/471xiwjkpz2mz1pq3jxndfdk2mdzqmd8-audit-3.1.2']","/nix/store/0snfc9f5i04czqkxm4m865s8m65dn5hm-audit-3.1.2.drv","cpe:2.3:a:audit:audit:3.1.2:*:*:*:*:*:*:*","pkg:nix/audit@3.1.2","","audit","3.1.2","https://people.redhat.com/sgrubb/audit/","False","Audit Library","gpl2Plus","GPL-2.0-or-later","torres.anderson.85@protonmail.com"
"bash-5.2p26","bash","5.2p26","/nix/store/a73wzcks7h2y814qxa1z3kv1hg205mpm-bash52-001 /nix/store/xc3h9isl5566i6a4pvdsgin26rchijrq-bash52-002 /nix/store/sxc8xmi7caxaiywzh15za9crpk3bw98z-bash52-003 /nix/store/2ynclzrdl0hy9miy6k8gcwgzw4mhsmd0-bash52-004 /nix/store/z76vsdh69cvwkwhwg69k7d1znwjmx6hf-bash52-005 /nix/store/1fw5fcsjz9wcbf13a5xs4i2cjfircp3x-bash52-006 /nix/store/rs1qdpy1nb3x07g4vqvb4s774qhq9f0w-bash52-007 /nix/store/jn9f2mr2jdm9yn5hi0pws44nbfrah8d3-bash52-008 /nix/store/j8vipdfzslz4aa7aj0amwd4msxa9hhpl-bash52-009 /nix/store/24ygbbc9k6vjc4vhz2j6a9dkdgmqgc6n-bash52-010 /nix/store/sim601rd1y3hsap9qkn25cwprsa9aipp-bash52-011 /nix/store/x1sqwqn02c5mnpi8hbqlxpbm3rahq5dm-bash52-012 /nix/store/wcpqrbsljh2x04qccs6jv9z8c9y1c3cd-bash52-013 /nix/store/cddj9qpc4l62qjy6vvf7gp50mfqaf506-bash52-014 /nix/store/pjp935kxwai47zyx1wpwadls00m9nmib-bash52-015 /nix/store/0cr4hvmwbfablyhn58ba0lrfb44igq5y-bash52-016 /nix/store/in24890k6ybij0b63jisfmrwmmc6x7pv-bash52-017 /nix/store/nffxsaniz7irz07z79cxwkhz97vgqwrx-bash52-018 /nix/store/d5qpl3kqrmv99fbw1cd09qj9jr7kb2rr-bash52-019 /nix/store/pcdlxsb3mxfjnclg8rn8xy2ywbb5ra36-bash52-020 /nix/store/gnx16vs69p7fggsslnbg6v818497vvxl-bash52-021 /nix/store/a55mbgicwbpl17n7a4wklg214xbcgj3f-bash52-022 /nix/store/kwf1fq1xvc5x883gjqsp439ayqffkx1f-bash52-023 /nix/store/rihy7jn15hxaifb33v5p8w62gmw62k97-bash52-024 /nix/store/m9x6023c6a7wi91fm0624da2lww2wm5p-bash52-025 /nix/store/yzd1kmz6qlk3dxa82lwfbgqqxy2c4m1x-bash52-026 /nix/store/yq0lz1byj4v2rym2ng23a3nj4n6pvqdj-pgrp-pipe-5.patch /nix/store/1dydp86d00qzjbncpi80sdsndf33lc5j-fix-static.patch /nix/store/j7yk5caljxg94g6kn285hz5ysiyv1bmi-parallel.patch","aarch64-linux","/nix/store/q36009ll4v7ay3xv4na856w715nfrbn8-bash-5.2p26","['/nix/store/q36009ll4v7ay3xv4na856w715nfrbn8-bash-5.2p26']","/nix/store/d4vcd38af14s0ihmdgpg4rcaa6l84f8r-bash-5.2p26.drv","cpe:2.3:a:gnu:bash:5.2p26:*:*:*:*:*:*:*","pkg:nix/bash@5.2p26","","bash","5.2p26","https://www.gnu.org/software/bash/","False","GNU Bourne-Again Shell, the de facto standard shell on Linux","gpl3Plus","GPL-3.0-or-later","w@wdtz.org"
"bash-interactive-5.2p26","bash-interactive","5.2p26","/nix/store/a73wzcks7h2y814qxa1z3kv1hg205mpm-bash52-001 /nix/store/xc3h9isl5566i6a4pvdsgin26rchijrq-bash52-002 /nix/store/sxc8xmi7caxaiywzh15za9crpk3bw98z-bash52-003 /nix/store/2ynclzrdl0hy9miy6k8gcwgzw4mhsmd0-bash52-004 /nix/store/z76vsdh69cvwkwhwg69k7d1znwjmx6hf-bash52-005 /nix/store/1fw5fcsjz9wcbf13a5xs4i2cjfircp3x-bash52-006 /nix/store/rs1qdpy1nb3x07g4vqvb4s774qhq9f0w-bash52-007 /nix/store/jn9f2mr2jdm9yn5hi0pws44nbfrah8d3-bash52-008 /nix/store/j8vipdfzslz4aa7aj0amwd4msxa9hhpl-bash52-009 /nix/store/24ygbbc9k6vjc4vhz2j6a9dkdgmqgc6n-bash52-010 /nix/store/sim601rd1y3hsap9qkn25cwprsa9aipp-bash52-011 /nix/store/x1sqwqn02c5mnpi8hbqlxpbm3rahq5dm-bash52-012 /nix/store/wcpqrbsljh2x04qccs6jv9z8c9y1c3cd-bash52-013 /nix/store/cddj9qpc4l62qjy6vvf7gp50mfqaf506-bash52-014 /nix/store/pjp935kxwai47zyx1wpwadls00m9nmib-bash52-015 /nix/store/0cr4hvmwbfablyhn58ba0lrfb44igq5y-bash52-016 /nix/store/in24890k6ybij0b63jisfmrwmmc6x7pv-bash52-017 /nix/store/nffxsaniz7irz07z79cxwkhz97vgqwrx-bash52-018 /nix/store/d5qpl3kqrmv99fbw1cd09qj9jr7kb2rr-bash52-019 /nix/store/pcdlxsb3mxfjnclg8rn8xy2ywbb5ra36-bash52-020 /nix/store/gnx16vs69p7fggsslnbg6v818497vvxl-bash52-021 /nix/store/a55mbgicwbpl17n7a4wklg214xbcgj3f-bash52-022 /nix/store/kwf1fq1xvc5x883gjqsp439ayqffkx1f-bash52-023 /nix/store/rihy7jn15hxaifb33v5p8w62gmw62k97-bash52-024 /nix/store/m9x6023c6a7wi91fm0624da2lww2wm5p-bash52-025 /nix/store/yzd1kmz6qlk3dxa82lwfbgqqxy2c4m1x-bash52-026 /nix/store/yq0lz1byj4v2rym2ng23a3nj4n6pvqdj-pgrp-pipe-5.patch /nix/store/1dydp86d00qzjbncpi80sdsndf33lc5j-fix-static.patch /nix/store/j7yk5caljxg94g6kn285hz5ysiyv1bmi-parallel.patch","aarch64-linux","/nix/store/ciw0pvaqjffnvary60p0gcvfsc7plq2z-bash-interactive-5.2p26","['/nix/store/ciw0pvaqjffnvary60p0gcvfsc7plq2z-bash-interactive-5.2p26']","/nix/store/39w8af640kjdzhcnn9ra7yffvmi79p2q-bash-interactive-5.2p26.drv","cpe:2.3:a:bash-interactive:bash-interactive:5.2p26:*:*:*:*:*:*:*","pkg:nix/bash-interactive@5.2p26","","bash-interactive","5.2p26","https://www.gnu.org/software/bash/","False","GNU Bourne-Again Shell, the de facto standard shell on Linux (for interactive use)","gpl3Plus","GPL-3.0-or-later","w@wdtz.org"
"blas-3","blas","3","","aarch64-linux","/nix/store/sw2ragjy0qa0kdlj255d22yy7jkndbfi-blas-3","['/nix/store/i7d7kbkwkgrfwaqjl8z543snhasv84m7-blas-3-dev', '/nix/store/sw2ragjy0qa0kdlj255d22yy7jkndbfi-blas-3']","/nix/store/25bgs0byc1qq3cx8h0jpfcgcxja7d029-blas-3.drv","cpe:2.3:a:blas:blas:3:*:*:*:*:*:*:*","pkg:nix/blas@3","","blas","3","https://github.com/xianyi/OpenBLAS","False","openblas with just the BLAS C and FORTRAN ABI","bsd3","BSD-3-Clause","ttuegel@mailbox.org"
"boost-1.81.0","boost","1.81.0","/nix/store/wpbcp7kf7xcjaf7kd7nqx23y6n8h86lf-cmake-paths-173.patch","aarch64-linux","/nix/store/36s6bhw59mrh5fan3s9lx7zl08jlg0i7-boost-1.81.0","['/nix/store/36s6bhw59mrh5fan3s9lx7zl08jlg0i7-boost-1.81.0']","/nix/store/g89v9xbvikfgf8rgg7659s8gqcz89la3-boost-1.81.0.drv","cpe:2.3:a:boost:boost:1.81.0:*:*:*:*:*:*:*","pkg:nix/boost@1.81.0","","boost","1.81.0","http://boost.org/","False","Collection of C++ libraries","boost","BSL-1.0","hjones2199@gmail.com"
"brotli-1.1.0","brotli","1.1.0","/nix/store/97zv8kqclazyckapna88q8fx13bxb3vp-revert-runpath.patch","aarch64-linux","/nix/store/1qxq3nys2mzly2zsnnbrdyric29kqipk-brotli-1.1.0","['/nix/store/dypwvnkgx6njpn6shlsa5b48d7f8nnn5-brotli-1.1.0-lib']","/nix/store/sq4mp3q6mjwzasmikfd9qnniqfmrrr3j-brotli-1.1.0.drv","cpe:2.3:a:google:brotli:1.1.0:*:*:*:*:*:*:*","pkg:nix/brotli@1.1.0","","brotli","1.1.0","https://github.com/google/brotli","False","A generic-purpose lossless compression algorithm and tool","mit","MIT",""
"brunsli-0.1","brunsli","0.1","/nix/store/mbn6s19msf49qmqvqr9xj47psfk5iqiq-patch-CMakeLists.txt /nix/store/6mwin0gc2y9j8j9anh327xb4p922kqdh-patch-brunsli.cmake","aarch64-linux","/nix/store/s7adzjc87w3n485gcz6b6nzymps4ljcl-brunsli-0.1","['/nix/store/s7adzjc87w3n485gcz6b6nzymps4ljcl-brunsli-0.1']","/nix/store/d5gqrhxqmnwsa629ywzwgpaaj5l65kkg-brunsli-0.1.drv","cpe:2.3:a:brunsli:brunsli:0.1:*:*:*:*:*:*:*","pkg:nix/brunsli@0.1","","brunsli","0.1","https://github.com/google/brunsli","False","Lossless JPEG repacking library","mit","MIT","rschuetz17@gmail.com"
"bzip2-1.0.8","bzip2","1.0.8","/nix/store/ws73d521m0im6x7nhb0836i51z2yd9dq-bzip2-1.0.6.2-autoconfiscated.patch","aarch64-linux","/nix/store/fgxsgqq9mayp12xhds4g77jwnz53hhm4-bzip2-1.0.8","['/nix/store/fgxsgqq9mayp12xhds4g77jwnz53hhm4-bzip2-1.0.8', '/nix/store/s4d69r766r6y5ivx3ia5gaxzs5wcpww9-bzip2-1.0.8-bin']","/nix/store/b6c7kdy81pz7bqf3y8v3v8j7gvi97l7h-bzip2-1.0.8.drv","cpe:2.3:a:bzip2:bzip2:1.0.8:*:*:*:*:*:*:*","pkg:nix/bzip2@1.0.8","","bzip2","1.0.8","https://www.sourceware.org/bzip2","False","High-quality data compression program","bsdOriginal","BSD-4-Clause","joerg@thalheim.io"
"c-blosc-1.21.5","c-blosc","1.21.5","","aarch64-linux","/nix/store/8ljaj89yg4pad33vjzb2l4d82qpv4mjk-c-blosc-1.21.5","['/nix/store/8ljaj89yg4pad33vjzb2l4d82qpv4mjk-c-blosc-1.21.5']","/nix/store/65q9mjf8cwfs9lnd3s778y88rn6yx5rv-c-blosc-1.21.5.drv","cpe:2.3:a:c-blosc:c-blosc:1.21.5:*:*:*:*:*:*:*","pkg:nix/c-blosc@1.21.5","","c-blosc","1.21.5","https://www.blosc.org","False","A blocking, shuffling and loss-less compression library","bsd3","BSD-3-Clause","code@humanleg.org.uk"
"cfitsio-4.4.0","cfitsio","4.4.0","/nix/store/rz83av0swc5lyfn2lb397wnwbgwsjyi7-darwin-rpath-universal.patch","aarch64-linux","/nix/store/rs23k8a0bp74gypqaniywnhdbywz8ab3-cfitsio-4.4.0","['/nix/store/rs23k8a0bp74gypqaniywnhdbywz8ab3-cfitsio-4.4.0']","/nix/store/f8k9w0bzkzpjr04l1aijkaa6ag7ggcaw-cfitsio-4.4.0.drv","cpe:2.3:a:nasa:cfitsio:4.4.0:*:*:*:*:*:*:*","pkg:nix/cfitsio@4.4.0","","cfitsio","4.4.0","https://heasarc.gsfc.nasa.gov/fitsio/","False","Library for reading and writing FITS data files","mit","MIT","xbreak@alphaware.se;hjones2199@gmail.com"
"coreutils-9.4","coreutils","9.4","","aarch64-linux","/nix/store/ask2ry8k4y0603g95rmcxq0mds2mjcq6-coreutils-9.4","['/nix/store/ask2ry8k4y0603g95rmcxq0mds2mjcq6-coreutils-9.4']","/nix/store/qm8a0p1y1ar8rmpiy5iypmg79l0qfsw3-coreutils-9.4.drv","cpe:2.3:a:gnu:coreutils:9.4:*:*:*:*:*:*:*","pkg:nix/coreutils@9.4","","coreutils","9.4","https://www.gnu.org/software/coreutils/","False","The GNU Core Utilities","gpl3Plus","GPL-3.0-or-later","janne@hess.ooo"
"cracklib-2.9.11","cracklib","2.9.11","","aarch64-linux","/nix/store/1fs2vcs9zywb0xvwnyif1zpa0zw8xi0g-cracklib-2.9.11","['/nix/store/1fs2vcs9zywb0xvwnyif1zpa0zw8xi0g-cracklib-2.9.11']","/nix/store/imaiyryf7bhzrf4j7pdqjh9r57pz4sjx-cracklib-2.9.11.drv","cpe:2.3:a:cracklib:cracklib:2.9.11:*:*:*:*:*:*:*","pkg:nix/cracklib@2.9.11","","cracklib","2.9.11","https://github.com/cracklib/cracklib","False","A library for checking the strength of passwords","lgpl21","LGPL-2.1","jason@oconal.id.au"
"crypto++-8.9.0","crypto++","8.9.0","","aarch64-linux","/nix/store/k0pp73b1cif14if3zn678241k6zk71nr-crypto++-8.9.0","['/nix/store/k0pp73b1cif14if3zn678241k6zk71nr-crypto++-8.9.0']","/nix/store/ryzj7i622wshyspg9yb1h53f4b57ky93-crypto++-8.9.0.drv","cpe:2.3:a:crypto++:crypto++:8.9.0:*:*:*:*:*:*:*","pkg:nix/crypto%2B%2B@8.9.0","","crypto++","8.9.0","https://cryptopp.com/","False","A free C++ class library of cryptographic schemes","boost;publicDomain","BSL-1.0","c0bw3b@gmail.com"
"cryptsetup-2.7.0","cryptsetup","2.7.0","/nix/store/k4j1777n188b27gcb3smyizc7m9a337z-relative-token-path.patch","aarch64-linux","/nix/store/m42b607mkrmqihxxva9pf9rha15kwa99-cryptsetup-2.7.0","['/nix/store/m42b607mkrmqihxxva9pf9rha15kwa99-cryptsetup-2.7.0']","/nix/store/zlwayscaqd2la3hzpjacz1zcjwvw8qk4-cryptsetup-2.7.0.drv","cpe:2.3:a:cryptsetup_project:cryptsetup:2.7.0:*:*:*:*:*:*:*","pkg:nix/cryptsetup@2.7.0","","cryptsetup","2.7.0","https://gitlab.com/cryptsetup/cryptsetup/","False","LUKS for dm-crypt","gpl2","GPL-2.0","ryan@lahfa.xyz"
"curl-8.6.0","curl","8.6.0","","aarch64-linux","/nix/store/r0ba9cj4vknh9lnbrz349sa7ghjilfp0-curl-8.6.0","['/nix/store/r0ba9cj4vknh9lnbrz349sa7ghjilfp0-curl-8.6.0']","/nix/store/9wmmhjaz4w08pcnlynwykks0wp17bydi-curl-8.6.0.drv","cpe:2.3:a:curl:curl:8.6.0:*:*:*:*:*:*:*","pkg:nix/curl@8.6.0","","curl","8.6.0","https://curl.se/","False","A command line tool for transferring files with URL syntax","curl","curl","jason@oconal.id.au"
"db-4.8.30","db","4.8.30","/nix/store/p9dgjffm5l85ssm37ij9r6xb91yzhn40-clang-4.8.patch /nix/store/wbgiyhlnih7pl2d67700940cwf6qp5i8-CVE-2017-10140-4.8-cwd-db_config.patch /nix/store/gamz3ch89qq558irc2m03j6kkj5wjn58-darwin-mutexes-4.8.patch","aarch64-linux","/nix/store/4xgppkhl0irhia7qv1c8fij4s14gim3f-db-4.8.30","['/nix/store/4xgppkhl0irhia7qv1c8fij4s14gim3f-db-4.8.30']","/nix/store/m6pxvsh0pzzi6y4wflb03idv6jknq9v8-db-4.8.30.drv","cpe:2.3:a:db:db:4.8.30:*:*:*:*:*:*:*","pkg:nix/db@4.8.30","","db","4.8.30","https://www.oracle.com/database/technologies/related/berkeleydb.html","False","Berkeley DB","sleepycat","Sleepycat",""
"dns-root-data-2023-11-27","dns-root-data","2023-11-27","","aarch64-linux","/nix/store/rfkfaq8m37niclg9qb8ckxy18jxaggdw-dns-root-data-2023-11-27","['/nix/store/rfkfaq8m37niclg9qb8ckxy18jxaggdw-dns-root-data-2023-11-27']","/nix/store/bi9h368pgd9v7inv0gw8a4j5nv09q1am-dns-root-data-2023-11-27.drv","cpe:2.3:a:dns-root-data:dns-root-data:2023-11-27:*:*:*:*:*:*:*","pkg:nix/dns-root-data@2023-11-27","","dns-root-data","2023-11-27","","False","DNS root data including root zone and DNSSEC key","gpl3Plus","GPL-3.0-or-later","fpletz@fnordicwalking.de;v@cunat.cz"
"elfutils-0.191","elfutils","0.191","/nix/store/wq91spyrsd6c1aqfvm453w9qn9mga79c-debug-info-from-env.patch /nix/store/9lfh9b2b5x2wxscq0kw4k1m61p8yqn9w-fix-aarch64_fregs.patch /nix/store/vg5dsxxj9ayfgn35x0d04sdih8035rr4-musl-asm-ptrace-h.patch /nix/store/hi3j97v910lh9rfr44j9bckj56rm03gd-musl-macros.patch /nix/store/n0q1n3zcig79inm4jbl175pnpsm5axgf-musl-strndupa.patch","aarch64-linux","/nix/store/nkf0mgidf4avdc3z9zh7lbkpp5khdawx-elfutils-0.191","['/nix/store/nkf0mgidf4avdc3z9zh7lbkpp5khdawx-elfutils-0.191']","/nix/store/3vwfwx8b6ilb67c7jixyqb087228byjj-elfutils-0.191.drv","cpe:2.3:a:elfutils_project:elfutils:0.191:*:*:*:*:*:*:*","pkg:nix/elfutils@0.191","","elfutils","0.191","https://sourceware.org/elfutils/","False","A set of utilities to handle ELF objects","gpl2Only;lgpl3Plus;gpl3Plus","GPL-2.0-only;LGPL-3.0-or-later;GPL-3.0-or-later","edolstra+nixpkgs@gmail.com;rtburns@protonmail.com"
"expat-2.6.2","expat","2.6.2","","aarch64-linux","/nix/store/llldhcrcnk7lasva26wqkbbsyk7wkkzg-expat-2.6.2","['/nix/store/llldhcrcnk7lasva26wqkbbsyk7wkkzg-expat-2.6.2']","/nix/store/8gsqrmfd0fz3li378x2hvg24f5w3b6jk-expat-2.6.2.drv","cpe:2.3:a:libexpat:expat:2.6.2:*:*:*:*:*:*:*","pkg:nix/expat@2.6.2","","expat","2.6.2","https://libexpat.github.io/","False","A stream-oriented XML parser library written in C","mit","MIT",""
"find-xml-catalogs-hook","find-xml-catalogs-hook","","","aarch64-linux","/nix/store/7h534pk33dqnbrcrwlj9m81fmq1rmh44-find-xml-catalogs-hook","['/nix/store/7h534pk33dqnbrcrwlj9m81fmq1rmh44-find-xml-catalogs-hook']","/nix/store/9i8660snszqcnf4q6ybhzw0m1g9bhjmx-find-xml-catalogs-hook.drv","cpe:2.3:a:find-xml-catalogs-hook:find-xml-catalogs-hook::*:*:*:*:*:*:*","pkg:nix/find-xml-catalogs-hook","","find-xml-catalogs-hook","","","False","","","",""
"freexl-2.0.0","freexl","2.0.0","","aarch64-linux","/nix/store/hhrjmdl13d22a7fa99klpg3y8gysri76-freexl-2.0.0","['/nix/store/hhrjmdl13d22a7fa99klpg3y8gysri76-freexl-2.0.0']","/nix/store/7c7spaavw4f7apys6ijmkh9y9lnnr1n2-freexl-2.0.0.drv","cpe:2.3:a:freexl:freexl:2.0.0:*:*:*:*:*:*:*","pkg:nix/freexl@2.0.0","","freexl","2.0.0","https://www.gaia-gis.it/fossil/freexl","False","A library to extract valid data from within an Excel (.xls) spreadsheet","gpl2Plus;lgpl21Plus;mpl11","GPL-2.0-or-later;LGPL-2.1-or-later;MPL-1.1","sikmir@disroot.org"
"gcc-13.2.0","gcc","13.2.0","/nix/store/9577hmdlmhki67cg8ar85cvidyg7xr7p-gcc-12-no-sys-dirs.patch /nix/store/7x6bimj6ipi6ag859gi2fc6by87x37j7-no-sys-dirs-riscv.patch /nix/store/xpplvxiwb4li2qd5nvhyd2mngrpna0ya-mangle-NIX_STORE-in-__FILE__.patch /nix/store/632b0y5mkcdwbsw2g3xh5qznw2vv5axr-ppc-musl.patch /nix/store/g1sn1rmgwdl4s2xymw7zxflzx6y9y0fm-ICE-PR110280.patch","aarch64-linux","/nix/store/8y16aj4mk0rbck2hlg538322d5r1gi7m-gcc-13.2.0","['/nix/store/d1yb0arh6k658anwsgl8d5sks6zcqrgm-gcc-13.2.0-libgcc', '/nix/store/i578g2ws943hl9crhapvy35l6j662xpj-gcc-13.2.0-lib']","/nix/store/k7s4lhn403c15mdk6ldkzz0q2r5iy4cd-gcc-13.2.0.drv","cpe:2.3:a:gcc:gcc:13.2.0:*:*:*:*:*:*:*","pkg:nix/gcc@13.2.0","","gcc","13.2.0","https://gcc.gnu.org","False","GNU Compiler Collection, version 13.2.0","gpl3Plus","GPL-3.0-or-later","alejandrosanchzmedina@gmail.com;artturin@artturin.com;emily+nix@downunderctf.com;John.Ericson@Obsidian.Systems;hello+nixpkgs@j-k.io;bensiraphob@gmail.com"
"gdal-3.8.5","gdal","3.8.5","/nix/store/yl2s0arf7zzi2f74bfdqihqm3d1ihjy3-ca2eb4130750b0e6365f738a5f8ff77081f5c5bb.patch","aarch64-linux","/nix/store/97psfgwxbx6x4vk9z5nl13csbqh6dkap-gdal-3.8.5","['/nix/store/97psfgwxbx6x4vk9z5nl13csbqh6dkap-gdal-3.8.5']","/nix/store/7hnd09swkd0vl4l1zlkyv27v80ya871p-gdal-3.8.5.drv","cpe:2.3:a:gdal:gdal:3.8.5:*:*:*:*:*:*:*","pkg:nix/gdal@3.8.5","","gdal","3.8.5","https://www.gdal.org/","False","Translator library for raster geospatial data formats","mit","MIT","ivan.mincik@gmail.com;victor@engmark.name;mail@nh2.me;nikolasovaskainen@gmail.com;sikmir@disroot.org;marco-oweber@gmx.de;rschuetz17@gmail.com"
"gdbm-1.23","gdbm","1.23","","aarch64-linux","/nix/store/53vxg1ahx4yl4f2yn7bikzxl0bw5f13w-gdbm-1.23","['/nix/store/53vxg1ahx4yl4f2yn7bikzxl0bw5f13w-gdbm-1.23']","/nix/store/idd4bzrlmywp9gfgswqpx5356pd3ix73-gdbm-1.23.drv","cpe:2.3:a:gdbm:gdbm:1.23:*:*:*:*:*:*:*","pkg:nix/gdbm@1.23","","gdbm","1.23","https://www.gnu.org/software/gdbm/","False","GNU dbm key/value database library","gpl3Plus","GPL-3.0-or-later","rahul@gopinath.org"
"geos-3.12.1","geos","3.12.1","","aarch64-linux","/nix/store/751r0abxrdn4ddib1s66c4r4biq91chc-geos-3.12.1","['/nix/store/751r0abxrdn4ddib1s66c4r4biq91chc-geos-3.12.1']","/nix/store/crj6z6l5vb7h0i938fc9g268sncyarvc-geos-3.12.1.drv","cpe:2.3:a:geos:geos:3.12.1:*:*:*:*:*:*:*","pkg:nix/geos@3.12.1","","geos","3.12.1","https://libgeos.org","False","C/C++ library for computational geometry with a focus on algorithms used in geographic information systems (GIS) software","lgpl21Only","LGPL-2.1-only","nixpkgs@raphael.dasgupta.ch;ivan.mincik@gmail.com;mail@nh2.me;nikolasovaskainen@gmail.com;sikmir@disroot.org"
"getent-glibc-2.39-5","getent-glibc-2.39-5","","","aarch64-linux","/nix/store/6cz4pz82j074wjn5b5mgksnffirfacm9-getent-glibc-2.39-5","['/nix/store/6cz4pz82j074wjn5b5mgksnffirfacm9-getent-glibc-2.39-5']","/nix/store/ww3xvfwk6jz9cafxd023yp6i4ayvqpbd-getent-glibc-2.39-5.drv","cpe:2.3:a:getent-glibc-2.39-5:getent-glibc-2.39-5::*:*:*:*:*:*:*","pkg:nix/getent-glibc-2.39-5","","getent-glibc","2.39-5","","False","","","",""
"gfortran-13.2.0","gfortran","13.2.0","/nix/store/9577hmdlmhki67cg8ar85cvidyg7xr7p-gcc-12-no-sys-dirs.patch /nix/store/7x6bimj6ipi6ag859gi2fc6by87x37j7-no-sys-dirs-riscv.patch /nix/store/xpplvxiwb4li2qd5nvhyd2mngrpna0ya-mangle-NIX_STORE-in-__FILE__.patch /nix/store/bx3k6fjl3jx85c1w28ng73gdwka0kbpz-gcc-12-gfortran-driving.patch /nix/store/632b0y5mkcdwbsw2g3xh5qznw2vv5axr-ppc-musl.patch /nix/store/g1sn1rmgwdl4s2xymw7zxflzx6y9y0fm-ICE-PR110280.patch","aarch64-linux","/nix/store/v8c6ggmr9yif7pjy9ic7q7vm87c4dg2v-gfortran-13.2.0","['/nix/store/3mzqcwvfbf2gwqgl680hgkv1980dk9q7-gfortran-13.2.0-libgcc', '/nix/store/qb13iv237pa7ly8sxwkv94r4hmim35ad-gfortran-13.2.0-lib']","/nix/store/8a5clvspsfz4fmvqycgilx32k1aqzzmd-gfortran-13.2.0.drv","cpe:2.3:a:gfortran:gfortran:13.2.0:*:*:*:*:*:*:*","pkg:nix/gfortran@13.2.0","","","","","","","","",""
"giflib-5.2.2","giflib","5.2.2","/nix/store/p1980d0fdsgdjdkpdrjjxspqhq7dlv70-CVE-2021-40633.patch","aarch64-linux","/nix/store/v5a2sk5isfjw9vjrh9wyqwkcd154bnn9-giflib-5.2.2","['/nix/store/v5a2sk5isfjw9vjrh9wyqwkcd154bnn9-giflib-5.2.2']","/nix/store/n56gz59w8b4kchwj03y70l20lkf0c4ff-giflib-5.2.2.drv","cpe:2.3:a:giflib_project:giflib:5.2.2:*:*:*:*:*:*:*","pkg:nix/giflib@5.2.2","","giflib","5.2.2","https://giflib.sourceforge.net/","False","A library for reading and writing gif images","mit","MIT",""
"glibc-2.39-5","glibc","2.39-5","/nix/store/qy2djzi4v1hxgqdmrhj2pa5a86l3bhd3-2.39-master.patch /nix/store/8haph3ng4mgsqr6p4024vj8k6kg3mqc4-nix-locale-archive.patch /nix/store/b1w7zbvm39ff1i52iyjggyvw2rdxz104-dont-use-system-ld-so-cache.patch /nix/store/mnglr8rr7nl444h7p50ysyq8qd0fm1lm-dont-use-system-ld-so-preload.patch /nix/store/za0pg7fmysrcwrqcal26fnmzw6vycgdn-fix_path_attribute_in_getconf.patch /nix/store/7kw224hdyxd7115lrqh9a4dv2x8msq2s-fix-x64-abi.patch /nix/store/001gp43bjqzx60cg345n2slzg7131za8-nix-nss-open-files.patch /nix/store/pcpx2ayccijipfl32zchx0mg7rzvj6zx-0001-Revert-Remove-all-usage-of-BASH-or-BASH-in-installed.patch /nix/store/sj0qllprnrmk1cqnnk57vvn2cqgjynbx-reenable_DT_HASH.patch /nix/store/vp21khxmr8hsq2iar8qqhr0bvxmwpmvp-0001-aarch64-math-vector.h-add-NVCC-include-guard.patch","aarch64-linux","/nix/store/10pd749c2v3m35d4hk5xdfylyfr1hzqz-glibc-2.39-5","['/nix/store/10pd749c2v3m35d4hk5xdfylyfr1hzqz-glibc-2.39-5', '/nix/store/ghim4c4v9577qdm7zlb0a09yrv6gi439-glibc-2.39-5-getent', '/nix/store/r5l5m3zpdf1ahbh0k6hlmbp0jaii3y78-glibc-2.39-5-bin']","/nix/store/gndycn879nyc9a8ixb7qq4b4d4sphka0-glibc-2.39-5.drv","cpe:2.3:a:glibc:glibc:2.39-5:*:*:*:*:*:*:*","pkg:nix/glibc@2.39-5","","glibc","2.39-5","https://www.gnu.org/software/libc/","False","The GNU C Library","lgpl2Plus","LGPL-2.0-or-later","edolstra+nixpkgs@gmail.com;maximilian@mbosch.me;connor.baker@tweag.io"
"gmp-with-cxx-6.3.0","gmp-with-cxx","6.3.0","","aarch64-linux","/nix/store/j3d351zrdcxpaavwc59hi5rmw6bnmd41-gmp-with-cxx-6.3.0","['/nix/store/j3d351zrdcxpaavwc59hi5rmw6bnmd41-gmp-with-cxx-6.3.0']","/nix/store/54x81avmhs559la64jb7wx6f4xhpxsbp-gmp-with-cxx-6.3.0.drv","cpe:2.3:a:gmp-with-cxx:gmp-with-cxx:6.3.0:*:*:*:*:*:*:*","pkg:nix/gmp-with-cxx@6.3.0","","gmp-with-cxx","6.3.0","https://gmplib.org/","False","GNU multiple precision arithmetic library","lgpl3Only;gpl2Only","LGPL-3.0-only;GPL-2.0-only","rahul@gopinath.org"
"gmp-with-cxx-6.3.0","gmp-with-cxx","6.3.0","","aarch64-linux","/nix/store/1l5rfbjbw4a41abjl5bvzvb21624ap7c-gmp-with-cxx-6.3.0","['/nix/store/1l5rfbjbw4a41abjl5bvzvb21624ap7c-gmp-with-cxx-6.3.0']","/nix/store/fvh91an9x7h2wrcpyi555ml8pw0rl11c-gmp-with-cxx-6.3.0.drv","cpe:2.3:a:gmp-with-cxx:gmp-with-cxx:6.3.0:*:*:*:*:*:*:*","pkg:nix/gmp-with-cxx@6.3.0","","gmp-with-cxx","6.3.0","https://gmplib.org/","False","GNU multiple precision arithmetic library","lgpl3Only;gpl2Only","LGPL-3.0-only;GPL-2.0-only","rahul@gopinath.org"
"gnugrep-3.11","gnugrep","3.11","","aarch64-linux","/nix/store/97fjy58w7l9q0qkwig0ilk4vxj7ncfr7-gnugrep-3.11","['/nix/store/97fjy58w7l9q0qkwig0ilk4vxj7ncfr7-gnugrep-3.11']","/nix/store/3j4bb63qm217yavfiknh33qwcmpbkx6q-gnugrep-3.11.drv","cpe:2.3:a:gnugrep:gnugrep:3.11:*:*:*:*:*:*:*","pkg:nix/gnugrep@3.11","","gnugrep","3.11","https://www.gnu.org/software/grep/","False","GNU implementation of the Unix grep command","gpl3Plus","GPL-3.0-or-later","janne@hess.ooo;moritz.lumme@gmail.com"
"gnupg-2.4.5","gnupg","2.4.5","/nix/store/n14rxg9lby5gz2vr5q4y5nijv90cm9bv-fix-libusb-include-path.patch /nix/store/09ysgw8zj28zy31l02dcrjrvs9mibvav-tests-add-test-cases-for-import-without-uid.patch /nix/store/ml6k7sqh826hy2cilhq7n44fnbh0zbd9-accept-subkeys-with-a-good-revocation-but-no-self-sig.patch /nix/store/0avm4c98vvb2a2ig8fbicllcmp3ch9y0-24-allow-import-of-previously-known-keys-even-without-UI.patch /nix/store/nj0yirw483a5c4ajmjnhp96g3qj3cb8b-24-revert-rfc4880bis-defaults.patch /nix/store/lr98izcb4cqnwx0hq03lmmi3jb946qm5-v3-0001-Disallow-compressed-signatures-and-certificates.patch","aarch64-linux","/nix/store/2xfi6g1315xg6f3v6spi21lwjcvhkw1d-gnupg-2.4.5","['/nix/store/2xfi6g1315xg6f3v6spi21lwjcvhkw1d-gnupg-2.4.5']","/nix/store/4nmb6yaahqa02p5i7rw0vbzahsw1wdjk-gnupg-2.4.5.drv","cpe:2.3:a:gnupg:gnupg:2.4.5:*:*:*:*:*:*:*","pkg:nix/gnupg@2.4.5","","gnupg","2.4.5","https://gnupg.org","False","Modern release of the GNU Privacy Guard, a GPL OpenPGP implementation","gpl3Plus","GPL-3.0-or-later","fpletz@fnordicwalking.de;rahul@gopinath.org"
"gnutar-1.35","gnutar","1.35","","aarch64-linux","/nix/store/n77ysc0vzx107g8kgr382l5zx3n8y4m8-gnutar-1.35","['/nix/store/n77ysc0vzx107g8kgr382l5zx3n8y4m8-gnutar-1.35']","/nix/store/w2d6695lq8z9qfwv663qi5968nm7axin-gnutar-1.35.drv","cpe:2.3:a:gnutar:gnutar:1.35:*:*:*:*:*:*:*","pkg:nix/gnutar@1.35","","gnutar","1.35","https://www.gnu.org/software/tar","False","GNU implementation of the `tar' archiver","gpl3Plus","GPL-3.0-or-later","alejandrosanchzmedina@gmail.com;artturin@artturin.com;emily+nix@downunderctf.com;John.Ericson@Obsidian.Systems;hello+nixpkgs@j-k.io;bensiraphob@gmail.com"
"gnutls-3.8.4","gnutls","3.8.4","/nix/store/fb56szw1cn21s5py4av2vnc7rjxbna7w-nix-ssl-cert-file.patch /nix/store/bd3xgwcxc5w5km6wka7wx8mfq581f9ng-revert-dlopen-compression.patch","aarch64-linux","/nix/store/mbmk04dzblxmdp8fg3ysl9qqqnb2p8zp-gnutls-3.8.4","['/nix/store/mbmk04dzblxmdp8fg3ysl9qqqnb2p8zp-gnutls-3.8.4']","/nix/store/zdgk02xbfq9qca2fas3fw9ifs0pxjsvd-gnutls-3.8.4.drv","cpe:2.3:a:gnu:gnutls:3.8.4:*:*:*:*:*:*:*","pkg:nix/gnutls@3.8.4","","gnutls","3.8.4","https://gnutls.org/","False","The GNU Transport Layer Security Library","lgpl21Plus","LGPL-2.1-or-later","v@cunat.cz"
"groonga-14.0.2","groonga","14.0.2","/nix/store/01r12v6jx3k1ds1ws2gi4m47bkpaksdd-fix-cmake-install-path.patch /nix/store/mbacwbw2a2yy0g62jbkv962x17whrv0h-do-not-use-vendored-libraries.patch","aarch64-linux","/nix/store/awvwl7mc78sq39hn1cxacgrrzv1gh872-groonga-14.0.2","['/nix/store/awvwl7mc78sq39hn1cxacgrrzv1gh872-groonga-14.0.2']","/nix/store/117fsy7yvmwpksi1vqj7kbk7inpwrxzq-groonga-14.0.2.drv","cpe:2.3:a:groonga:groonga:14.0.2:*:*:*:*:*:*:*","pkg:nix/groonga@14.0.2","","groonga","14.0.2","https://groonga.org/","False","An open-source fulltext search engine and column store","lgpl21","LGPL-2.1","eric.sagnes@gmail.com"
"gtest-1.14.0","gtest","1.14.0","/nix/store/5hsza5rm5iss63vrrlmjvl4wf8jmklyk-fix-cmake-config-includedir.patch","aarch64-linux","/nix/store/ry1qf19vp566dvmq5ammr5vgdk7sjp09-gtest-1.14.0","['/nix/store/ry1qf19vp566dvmq5ammr5vgdk7sjp09-gtest-1.14.0']","/nix/store/g07yrd2pxsid2qm3kpmp2ich94xdp74j-gtest-1.14.0.drv","cpe:2.3:a:gtest:gtest:1.14.0:*:*:*:*:*:*:*","pkg:nix/gtest@1.14.0","","gtest","1.14.0","https://github.com/google/googletest","False","Google's framework for writing C++ tests","bsd3","BSD-3-Clause","tkatchev@gmail.com"
"gzip-1.13","gzip","1.13","","aarch64-linux","/nix/store/lc4fhc2xhpdiscwcry09z5fzyx30ghik-gzip-1.13","['/nix/store/lc4fhc2xhpdiscwcry09z5fzyx30ghik-gzip-1.13']","/nix/store/rxgdzbgq1kf7f35k2k0gv49f9cxch9pb-gzip-1.13.drv","cpe:2.3:a:gzip:gzip:1.13:*:*:*:*:*:*:*","pkg:nix/gzip@1.13","","gzip","1.13","https://www.gnu.org/software/gzip/","False","GNU zip compression program","gpl3Plus","GPL-3.0-or-later",""
"hypopg-1.4.1","hypopg","1.4.1","","aarch64-linux","/nix/store/i9l9i0bwvgcppbpkc8wc72bxyv4ph3mz-hypopg-1.4.1","['/nix/store/i9l9i0bwvgcppbpkc8wc72bxyv4ph3mz-hypopg-1.4.1']","/nix/store/28zwadwd8w5ggs1jsfpydf41zy5jyv44-hypopg-1.4.1.drv","cpe:2.3:a:hypopg:hypopg:1.4.1:*:*:*:*:*:*:*","pkg:nix/hypopg@1.4.1","","","","","","","","",""
"icu4c-73.2","icu4c-73.2","","","aarch64-linux","/nix/store/ram2bh4rs56rp8sr0gcdb108wcc609si-icu4c-73.2","['/nix/store/1ar9hvr6359lqwniim3jn8f10xj3wxs0-icu4c-73.2-dev', '/nix/store/ram2bh4rs56rp8sr0gcdb108wcc609si-icu4c-73.2']","/nix/store/msdpxr8105b79wpy8s4j3355ghinbxkl-icu4c-73.2.drv","cpe:2.3:a:icu4c-73.2:icu4c-73.2::*:*:*:*:*:*:*","pkg:nix/icu4c-73.2","","icu4c","73.2","https://icu.unicode.org/","False","Unicode and globalization support library","","","7c6f434c@mail.ru"
"ilmbase-2.5.10","ilmbase","2.5.10","/nix/store/jpxf7fqignci97v7zxq5v2ssk3aqm4fh-CVE-2021-45942.patch /nix/store/49s24p37jf9rsbb556y1azwp3y7jilq2-CVE-2021-3933.patch /nix/store/dv6fz965d9imfaksnf8wz0jdrg7ga9aq-gcc-13.patch","aarch64-linux","/nix/store/1mjk5b6ik0mfq00qarxgmldckphv5xs7-ilmbase-2.5.10","['/nix/store/1mjk5b6ik0mfq00qarxgmldckphv5xs7-ilmbase-2.5.10']","/nix/store/7f82p39xi3ngjqyn7yf4b6d2k89vwrd3-ilmbase-2.5.10.drv","cpe:2.3:a:ilmbase:ilmbase:2.5.10:*:*:*:*:*:*:*","pkg:nix/ilmbase@2.5.10","","ilmbase","2.5.10","https://www.openexr.com/","False"," A library for 2D/3D vectors and matrices and other mathematical objects, functions and data types for computer graphics","bsd3","BSD-3-Clause",""
"index_advisor-0.2.0","index_advisor","0.2.0","","aarch64-linux","/nix/store/7ar7dbnwri9i41jy4wjha84284g5gmdf-index_advisor-0.2.0","['/nix/store/7ar7dbnwri9i41jy4wjha84284g5gmdf-index_advisor-0.2.0']","/nix/store/5ag5jbl40mbixa6n4ardpp50g9bf6m3j-index_advisor-0.2.0.drv","cpe:2.3:a:index_advisor:index_advisor:0.2.0:*:*:*:*:*:*:*","pkg:nix/index_advisor@0.2.0","","","","","","","","",""
"iptables-1.8.10","iptables","1.8.10","","aarch64-linux","/nix/store/h603hnhpxm0z1gc2rgwp72bd8z3im8sh-iptables-1.8.10","['/nix/store/h603hnhpxm0z1gc2rgwp72bd8z3im8sh-iptables-1.8.10']","/nix/store/8cx2m59zx63dac680310zyx300ypl5b9-iptables-1.8.10.drv","cpe:2.3:a:netfilter:iptables:1.8.10:*:*:*:*:*:*:*","pkg:nix/iptables@1.8.10","","iptables","1.8.10","https://www.netfilter.org/projects/iptables/index.html","False","A program to configure the Linux IP packet filtering ruleset","gpl2","GPL-2.0","fpletz@fnordicwalking.de"
"json-c-0.17","json-c","0.17","","aarch64-linux","/nix/store/z0dnrh3nsinfb0h9dd143ksjnl4dyngp-json-c-0.17","['/nix/store/z0dnrh3nsinfb0h9dd143ksjnl4dyngp-json-c-0.17']","/nix/store/vdf5d2v8kgxmi1gkvj63apdy21q28dxc-json-c-0.17.drv","cpe:2.3:a:json-c:json-c:0.17:*:*:*:*:*:*:*","pkg:nix/json-c@0.17","","json-c","0.17","https://github.com/json-c/json-c/wiki","False","A JSON implementation in C","mit","MIT","jason@oconal.id.au"
"kbd-2.6.4","kbd","2.6.4","/nix/store/8a42k90b37cd78syh1dqxvjn0sc4ydw6-search-paths.patch","aarch64-linux","/nix/store/lanamdss87q62jmb9y8pvbaq0y8238ph-kbd-2.6.4","['/nix/store/lanamdss87q62jmb9y8pvbaq0y8238ph-kbd-2.6.4']","/nix/store/b3blys79vxcabnsab5fjrsygv2d23vw6-kbd-2.6.4.drv","cpe:2.3:a:kbd:kbd:2.6.4:*:*:*:*:*:*:*","pkg:nix/kbd@2.6.4","","kbd","2.6.4","https://kbd-project.org/","False","Linux keyboard tools and keyboard maps","gpl2Plus","GPL-2.0-or-later","post@davidak.de"
"kexec-tools-2.0.26","kexec-tools","2.0.26","/nix/store/4pfhyc13jhz84b8973gxbydhx4fn9vxp-ppc64-elfv2.patch","aarch64-linux","/nix/store/h8wy38qjh2yc93ccmljayr7n6xskk216-kexec-tools-2.0.26","['/nix/store/h8wy38qjh2yc93ccmljayr7n6xskk216-kexec-tools-2.0.26']","/nix/store/b0nf59rlsz4xar0nmiaw0wb49qw3jl7s-kexec-tools-2.0.26.drv","cpe:2.3:a:kexec-tools:kexec-tools:2.0.26:*:*:*:*:*:*:*","pkg:nix/kexec-tools@2.0.26","","kexec-tools","2.0.26","http://horms.net/projects/kexec/kexec-tools","False","Tools related to the kexec Linux feature","gpl2","GPL-2.0",""
"keyutils-1.6.3","keyutils","1.6.3","/nix/store/88a62ypvi5xpa3m8znhrl6l7jc307i8r-conf-symlink.patch /nix/store/z0sjg5c7g1iqb4x5vyiqcm5n68mb5x5p-0001-Remove-unused-function-after_eq.patch /nix/store/d1xybymfx4ad0hy6zv97walg9v1dyzn6-raw","aarch64-linux","/nix/store/5f1vaadgri8swbpz2dxsdikralxalm2d-keyutils-1.6.3","['/nix/store/0ljg4yw8siyvsivyg457w2skp0bgd4xk-keyutils-1.6.3-lib']","/nix/store/1raxv9igc61qc0xlj4n7zrh21c8w8bd9-keyutils-1.6.3.drv","cpe:2.3:a:keyutils_project:keyutils:1.6.3:*:*:*:*:*:*:*","pkg:nix/keyutils@1.6.3","","keyutils","1.6.3","https://people.redhat.com/dhowells/keyutils/","False","Tools used to control the Linux kernel key management system","gpl2Plus","GPL-2.0-or-later",""
"kmod-31","kmod","31","/nix/store/i4q069m3d29gi7dw1ijhjrp4hxw1c2l4-module-dir.patch","aarch64-linux","/nix/store/2fmam85inraic6cl22qvjahi5i5gx93k-kmod-31","['/nix/store/2fmam85inraic6cl22qvjahi5i5gx93k-kmod-31', '/nix/store/zz1j7yiyid7psnvjb69q1wpjrisdv663-kmod-31-lib']","/nix/store/g4fcrvjklv6py0042pmp803cgzaklv5b-kmod-31.drv","cpe:2.3:a:kernel:kmod:31:*:*:*:*:*:*:*","pkg:nix/kmod@31","","kmod","31","https://git.kernel.org/pub/scm/utils/kernel/kmod/kmod.git/","False","Tools for loading and managing Linux kernel modules","lgpl21Plus;gpl2Plus","LGPL-2.1-or-later;GPL-2.0-or-later","artturin@artturin.com"
"kytea-0.4.7","kytea","0.4.7","/nix/store/q2pll64smq4ikybkb91618k88bsi9bv0-gcc-O3.patch","aarch64-linux","/nix/store/qikd60z9g2wqdcbnc64hjwbxly7q16fi-kytea-0.4.7","['/nix/store/qikd60z9g2wqdcbnc64hjwbxly7q16fi-kytea-0.4.7']","/nix/store/2f5blcprj29m3i8pqmvfvfb86a9m0f8j-kytea-0.4.7.drv","cpe:2.3:a:kytea:kytea:0.4.7:*:*:*:*:*:*:*","pkg:nix/kytea@0.4.7","","kytea","0.4.7","http://www.phontron.com/kytea/","False","General toolkit developed for analyzing text","asl20","Apache-2.0","eric.sagnes@gmail.com"
"lcms2-2.16","lcms2","2.16","","aarch64-linux","/nix/store/s76i5lr16vw8rwm7bplavrypmkr0ala0-lcms2-2.16","['/nix/store/s76i5lr16vw8rwm7bplavrypmkr0ala0-lcms2-2.16']","/nix/store/5g6mfszy44zdlcx22pz1j7c90h4ch3sq-lcms2-2.16.drv","cpe:2.3:a:littlecms:lcms2:2.16:*:*:*:*:*:*:*","pkg:nix/lcms2@2.16","","lcms2","2.16","http://www.littlecms.com/","False","Color management engine","mit","MIT",""
"lerc-4.0.0","lerc","4.0.0","/nix/store/hr2k73d8f24g0fp5l3i0iqyyj652rajm-use-cmake-install-full-dir.patch","aarch64-linux","/nix/store/1h19dp0hiy5n487a41r55ijgv6m3x7m6-lerc-4.0.0","['/nix/store/1h19dp0hiy5n487a41r55ijgv6m3x7m6-lerc-4.0.0']","/nix/store/jqxwkfgry9armq7xd18k4mwr4wyh2vr2-lerc-4.0.0.drv","cpe:2.3:a:lerc:lerc:4.0.0:*:*:*:*:*:*:*","pkg:nix/lerc@4.0.0","","lerc","4.0.0","https://github.com/esri/lerc","False","C++ library for Limited Error Raster Compression","asl20","Apache-2.0","rschuetz17@gmail.com"
"libapparmor-3.1.7","libapparmor","3.1.7","/nix/store/pdy2hxry7lw8hfmpzrb8p3n5gfw0gdkl-0001-aa-remove-unknown_empty-ruleset.patch","aarch64-linux","/nix/store/39gik4rkg5lpvdrl13bfvriv9y9m1mxw-libapparmor-3.1.7","['/nix/store/39gik4rkg5lpvdrl13bfvriv9y9m1mxw-libapparmor-3.1.7']","/nix/store/2qs74rpvihc1hx4vczsk10x5w6yyxd9p-libapparmor-3.1.7.drv","cpe:2.3:a:libapparmor:libapparmor:3.1.7:*:*:*:*:*:*:*","pkg:nix/libapparmor@3.1.7","","libapparmor","3.1.7","https://apparmor.net/","False","A mandatory access control system - library","gpl2Only;lgpl21Only","GPL-2.0-only;LGPL-2.1-only","julm+nixpkgs@sourcephile.fr;aseipp@pobox.com;nix@ajs124.de;janne@hess.ooo"
"libargon2-20190702","libargon2","20190702","/nix/store/gr3pc5psjwc1q35p1xnl7zl8h6cbn07x-cd1c1d8d204e4ec4557e358013567c097cb70562.patch","aarch64-linux","/nix/store/9jx92576jrd1lvgmmbcvblfdw30pxmhi-libargon2-20190702","['/nix/store/9jx92576jrd1lvgmmbcvblfdw30pxmhi-libargon2-20190702']","/nix/store/785mviii4l3cmss3qgl6xxnq56c4s43p-libargon2-20190702.drv","cpe:2.3:a:libargon2:libargon2:20190702:*:*:*:*:*:*:*","pkg:nix/libargon2@20190702","","libargon2","20190702","https://www.argon2.com/","False","A key derivation function that was selected as the winner of the Password Hashing Competition in July 2015","asl20;cc0","Apache-2.0;CC0-1.0","taeer@necsi.edu;owen@olynch.me"
"libassuan-2.5.7","libassuan","2.5.7","","aarch64-linux","/nix/store/36py5s0inrrdpbdrpqivzgm5qyk0h6kw-libassuan-2.5.7","['/nix/store/36py5s0inrrdpbdrpqivzgm5qyk0h6kw-libassuan-2.5.7']","/nix/store/p2vsd9jazh3phrxpg4nqn0x7r5d6011y-libassuan-2.5.7.drv","cpe:2.3:a:libassuan:libassuan:2.5.7:*:*:*:*:*:*:*","pkg:nix/libassuan@2.5.7","","libassuan","2.5.7","https://gnupg.org/software/libassuan/","False","IPC library used by GnuPG and related software","lgpl2Plus","LGPL-2.0-or-later",""
"libbpf-1.3.0","libbpf","1.3.0","","aarch64-linux","/nix/store/y6yh4wzginy8q9r5n3sfhi78i82qglij-libbpf-1.3.0","['/nix/store/y6yh4wzginy8q9r5n3sfhi78i82qglij-libbpf-1.3.0']","/nix/store/1bpk6c1k1arw9bzl849vmd61qmfb941j-libbpf-1.3.0.drv","cpe:2.3:a:libbpf_project:libbpf:1.3.0:*:*:*:*:*:*:*","pkg:nix/libbpf@1.3.0","","libbpf","1.3.0","https://github.com/libbpf/libbpf","False","Upstream mirror of libbpf","lgpl21;bsd2","LGPL-2.1;BSD-2-Clause","aseipp@pobox.com;v@cunat.cz;mail@saschagrunert.de;f.ktfhrvnznqxacf@noclue.notk.org"
"libcap-2.69","libcap","2.69","","aarch64-linux","/nix/store/8ydqqx8np3w5msvlfbdy1lw2ihd2zznh-libcap-2.69","['/nix/store/3pmvprnqam7wjmy81c7s1nz916cbly19-libcap-2.69-lib']","/nix/store/3p6br6bnr0wpj6r40knwsbkpli509gb1-libcap-2.69.drv","cpe:2.3:a:libcap:libcap:2.69:*:*:*:*:*:*:*","pkg:nix/libcap@2.69","","libcap","2.69","https://sites.google.com/site/fullycapable","False","Library for working with POSIX capabilities","bsd3","BSD-3-Clause",""
"libcbor-0.11.0","libcbor","0.11.0","","aarch64-linux","/nix/store/fc4ch1b5kmw099pv7f4rgyw6vyk97l39-libcbor-0.11.0","['/nix/store/fc4ch1b5kmw099pv7f4rgyw6vyk97l39-libcbor-0.11.0']","/nix/store/5xdvfk0ip5xzs2z23m4x4qcn2825z4m7-libcbor-0.11.0.drv","cpe:2.3:a:libcbor:libcbor:0.11.0:*:*:*:*:*:*:*","pkg:nix/libcbor@0.11.0","","libcbor","0.11.0","https://github.com/PJK/libcbor","False","CBOR protocol implementation for C and others","mit","MIT","w@wdtz.org"
"libdeflate-1.19","libdeflate","1.19","","aarch64-linux","/nix/store/27ibysqwzpji3fmys0c6n11iaq1i5s4i-libdeflate-1.19","['/nix/store/27ibysqwzpji3fmys0c6n11iaq1i5s4i-libdeflate-1.19']","/nix/store/86gps9gkv48bbr63l7ws6pcfm10mwr23-libdeflate-1.19.drv","cpe:2.3:a:libdeflate:libdeflate:1.19:*:*:*:*:*:*:*","pkg:nix/libdeflate@1.19","","libdeflate","1.19","https://github.com/ebiggers/libdeflate","False","Fast DEFLATE/zlib/gzip compressor and decompressor","mit","MIT","orivej@gmx.fr;KAction@disroot.org"
"libevent-2.1.12","libevent","2.1.12","/nix/store/q0mydkf1y32bbsmw10lybc0add0p2qgj-883630f76cbf512003b81de25cd96cb75c6cf0f9.patch","aarch64-linux","/nix/store/9lbgn7f81cz9k1wsl5lf0g9lkv2nzljr-libevent-2.1.12","['/nix/store/9lbgn7f81cz9k1wsl5lf0g9lkv2nzljr-libevent-2.1.12']","/nix/store/7kb2zp8jnplhcx1qj5p5hx4w2f2n8mai-libevent-2.1.12.drv","cpe:2.3:a:libevent:libevent:2.1.12:*:*:*:*:*:*:*","pkg:nix/libevent@2.1.12","","libevent","2.1.12","https://libevent.org/","False","Event notification library","bsd3","BSD-3-Clause",""
"libffi-3.4.6","libffi","3.4.6","","aarch64-linux","/nix/store/zy5jfy4dmkc7ffzsf2qq8h7wrqncksd9-libffi-3.4.6","['/nix/store/zy5jfy4dmkc7ffzsf2qq8h7wrqncksd9-libffi-3.4.6']","/nix/store/074yinrp3i9vwkrymv8gm059jbn89a8k-libffi-3.4.6.drv","cpe:2.3:a:libffi_project:libffi:3.4.6:*:*:*:*:*:*:*","pkg:nix/libffi@3.4.6","","libffi","3.4.6","http://sourceware.org/libffi/","False","A foreign function call interface library","mit","MIT","mjbauer95@gmail.com"
"libfido2-1.14.0","libfido2","1.14.0","","aarch64-linux","/nix/store/0jjs7amma3zdx6py9z6l2ffcp8gcwikc-libfido2-1.14.0","['/nix/store/0jjs7amma3zdx6py9z6l2ffcp8gcwikc-libfido2-1.14.0']","/nix/store/3rpavmbkiyd7c3yp3ffj9driyjbj0k50-libfido2-1.14.0.drv","cpe:2.3:a:libfido2:libfido2:1.14.0:*:*:*:*:*:*:*","pkg:nix/libfido2@1.14.0","","libfido2","1.14.0","https://github.com/Yubico/libfido2","False","Provides library functionality for FIDO 2.0, including communication with a device over USB.
","bsd2","BSD-2-Clause","w@wdtz.org;pavol@rusnak.io"
"libgcrypt-1.10.3","libgcrypt","1.10.3","","aarch64-linux","/nix/store/sph1vfayrdh79zxfcr70618fjx8yw3x6-libgcrypt-1.10.3","['/nix/store/sph1vfayrdh79zxfcr70618fjx8yw3x6-libgcrypt-1.10.3']","/nix/store/9rk100s9y0311k5smp0j34b7cmapgv6q-libgcrypt-1.10.3.drv","cpe:2.3:a:gnupg:libgcrypt:1.10.3:*:*:*:*:*:*:*","pkg:nix/libgcrypt@1.10.3","","libgcrypt","1.10.3","https://www.gnu.org/software/libgcrypt/","False","General-purpose cryptographic library","lgpl2Plus","LGPL-2.0-or-later","rahul@gopinath.org"
"libgeotiff-1.7.1","libgeotiff","1.7.1","","aarch64-linux","/nix/store/08w7zaq0s6ivxnqrjid1gbcl1w7rbrd7-libgeotiff-1.7.1","['/nix/store/08w7zaq0s6ivxnqrjid1gbcl1w7rbrd7-libgeotiff-1.7.1']","/nix/store/myiii92km6rqxlh8l3phlyplxzl8gzp1-libgeotiff-1.7.1.drv","cpe:2.3:a:libgeotiff:libgeotiff:1.7.1:*:*:*:*:*:*:*","pkg:nix/libgeotiff@1.7.1","","libgeotiff","1.7.1","https://github.com/OSGeo/libgeotiff","False","Library implementing attempt to create a tiff based interchange format for georeferenced raster imagery","mit","MIT","marco-oweber@gmx.de"
"libgpg-error-1.48","libgpg-error","1.48","","aarch64-linux","/nix/store/3zydvf4m19d4f12p1g775mkahb3kaygb-libgpg-error-1.48","['/nix/store/3zydvf4m19d4f12p1g775mkahb3kaygb-libgpg-error-1.48']","/nix/store/qkg0h9j2wpgy51c93z0m923wim0lw6af-libgpg-error-1.48.drv","cpe:2.3:a:gnupg:libgpg-error:1.48:*:*:*:*:*:*:*","pkg:nix/libgpg-error@1.48","","libgpg-error","1.48","https://www.gnupg.org/software/libgpg-error/index.html","False","A small library that defines common error values for all GnuPG components","lgpl2Plus","LGPL-2.0-or-later","rahul@gopinath.org"
"libidn2-2.3.7","libidn2","2.3.7","","aarch64-linux","/nix/store/dwmy24cx39bl39df1i8nrj2l4wjpgvd0-libidn2-2.3.7","['/nix/store/dwmy24cx39bl39df1i8nrj2l4wjpgvd0-libidn2-2.3.7']","/nix/store/gzhkyzv25w9g8cl1m4x5c2q2d1bdxxyi-libidn2-2.3.7.drv","cpe:2.3:a:gnu:libidn2:2.3.7:*:*:*:*:*:*:*","pkg:nix/libidn2@2.3.7","","libidn2","2.3.7","","False","","","",""
"libjpeg-turbo-3.0.2","libjpeg-turbo","3.0.2","/nix/store/dy7bbfrgva3ncd9x5zrhk5fvdsdrawd3-CMAKE_CROSSCOMPILING_EMULATOR=env-fix.patch /nix/store/34612qp9cwy8c1iqx5z13ml7qczvmf71-0001-Compile-transupp.c-as-part-of-the-library.patch /nix/store/30sb6m6yf2yv9sglcfj15z7pc91wgq34-0002-Make-exported-symbols-in-transupp.c-weak.patch","aarch64-linux","/nix/store/vlgaam0silm4yp95jqdzr2yq4wcxqcjn-libjpeg-turbo-3.0.2","['/nix/store/vlgaam0silm4yp95jqdzr2yq4wcxqcjn-libjpeg-turbo-3.0.2']","/nix/store/zzrs0qri7cmkdjml99a5j4fxsf2g716s-libjpeg-turbo-3.0.2.drv","cpe:2.3:a:libjpeg-turbo:libjpeg-turbo:3.0.2:*:*:*:*:*:*:*","pkg:nix/libjpeg-turbo@3.0.2","","libjpeg-turbo","3.0.2","https://libjpeg-turbo.org/","False","A faster (using SIMD) libjpeg implementation","ijg","IJG","v@cunat.cz;cole.mickens@gmail.com;kamadorueda@gmail.com"
"libkrb5-1.21.2","libkrb5","1.21.2","","aarch64-linux","/nix/store/vaz0prypndg3y6zxmdcpabinwg9dmmq9-libkrb5-1.21.2","['/nix/store/vaz0prypndg3y6zxmdcpabinwg9dmmq9-libkrb5-1.21.2', '/nix/store/wv53cv3ha3d3sb4z87v6n21hsxwdr2j9-libkrb5-1.21.2-dev']","/nix/store/nhas8difcnf846zr9bxhsz1bldcjhw0x-libkrb5-1.21.2.drv","cpe:2.3:a:libkrb5:libkrb5:1.21.2:*:*:*:*:*:*:*","pkg:nix/libkrb5@1.21.2","","libkrb5","1.21.2","http://web.mit.edu/kerberos/","False","MIT Kerberos 5","mit","MIT",""
"libmicrohttpd-0.9.77","libmicrohttpd","0.9.77","","aarch64-linux","/nix/store/8znrckb8af77hy16iaj4baf9b7cw9sjs-libmicrohttpd-0.9.77","['/nix/store/8znrckb8af77hy16iaj4baf9b7cw9sjs-libmicrohttpd-0.9.77']","/nix/store/p7rlhaivk17d3lqsjf3pi76vp4gi582a-libmicrohttpd-0.9.77.drv","cpe:2.3:a:gnu:libmicrohttpd:0.9.77:*:*:*:*:*:*:*","pkg:nix/libmicrohttpd@0.9.77","","libmicrohttpd","0.9.77","https://www.gnu.org/software/libmicrohttpd/","False","Embeddable HTTP server library","lgpl2Plus","LGPL-2.0-or-later","edolstra+nixpkgs@gmail.com;rahul@gopinath.org;fpletz@fnordicwalking.de"
"libmnl-1.0.5","libmnl","1.0.5","","aarch64-linux","/nix/store/q5fakzwsmqg74grk7na6805lf1y5y50i-libmnl-1.0.5","['/nix/store/q5fakzwsmqg74grk7na6805lf1y5y50i-libmnl-1.0.5']","/nix/store/hs1ga7zr94d80ipgga3k8nqj87kpj0j2-libmnl-1.0.5.drv","cpe:2.3:a:netfilter:libmnl:1.0.5:*:*:*:*:*:*:*","pkg:nix/libmnl@1.0.5","","libmnl","1.0.5","https://netfilter.org/projects/libmnl/index.html","False","Minimalistic user-space library oriented to Netlink developers","lgpl21Plus","LGPL-2.1-or-later",""
"libnetfilter_conntrack-1.0.9","libnetfilter_conntrack","1.0.9","/nix/store/5bwdc6hgighl5b5g4d9fybfv3kx8854l-?id=21ee35dde73aec5eba35290587d479218c6dd824","aarch64-linux","/nix/store/2xyj3ppd2pi79dcq3rmc6aksz3d7v85a-libnetfilter_conntrack-1.0.9","['/nix/store/2xyj3ppd2pi79dcq3rmc6aksz3d7v85a-libnetfilter_conntrack-1.0.9']","/nix/store/lc2jdlmf470vcnnrkv1bxh5ax0s28842-libnetfilter_conntrack-1.0.9.drv","cpe:2.3:a:netfilter:libnetfilter_conntrack:1.0.9:*:*:*:*:*:*:*","pkg:nix/libnetfilter_conntrack@1.0.9","","libnetfilter_conntrack","1.0.9","https://netfilter.org/projects/libnetfilter_conntrack/","False","Userspace library providing an API to the in-kernel connection tracking state table","gpl2Plus","GPL-2.0-or-later",""
"libnfnetlink-1.0.2","libnfnetlink","1.0.2","","aarch64-linux","/nix/store/2c63fg66bss7fmdm3x19mjxvvydcshjs-libnfnetlink-1.0.2","['/nix/store/2c63fg66bss7fmdm3x19mjxvvydcshjs-libnfnetlink-1.0.2']","/nix/store/3gdf38q9jam72k7b82k0mwd3f4ywa131-libnfnetlink-1.0.2.drv","cpe:2.3:a:netfilter:libnfnetlink:1.0.2:*:*:*:*:*:*:*","pkg:nix/libnfnetlink@1.0.2","","libnfnetlink","1.0.2","https://www.netfilter.org/projects/libnfnetlink/index.html","False","Low-level library for netfilter related kernel/userspace communication","gpl2","GPL-2.0",""
"libnftnl-1.2.6","libnftnl","1.2.6","","aarch64-linux","/nix/store/nfjjwrf9ppwn0jci8xlmwqal7c2spr67-libnftnl-1.2.6","['/nix/store/nfjjwrf9ppwn0jci8xlmwqal7c2spr67-libnftnl-1.2.6']","/nix/store/5s9i80nzri6qk5wxyzqr4mmijsb7by3l-libnftnl-1.2.6.drv","cpe:2.3:a:netfilter:libnftnl:1.2.6:*:*:*:*:*:*:*","pkg:nix/libnftnl@1.2.6","","libnftnl","1.2.6","https://netfilter.org/projects/libnftnl/","False","A userspace library providing a low-level netlink API to the in-kernel nf_tables subsystem","gpl2Plus","GPL-2.0-or-later","fpletz@fnordicwalking.de;nix@ajs124.de"
"libnl-3.8.0","libnl","3.8.0","","aarch64-linux","/nix/store/dx6blksb51pf504kjpaw1zx47ngwdgmz-libnl-3.8.0","['/nix/store/dx6blksb51pf504kjpaw1zx47ngwdgmz-libnl-3.8.0']","/nix/store/79g13zpda07xvcla89lmv61i0wv190cx-libnl-3.8.0.drv","cpe:2.3:a:libnl_project:libnl:3.8.0:*:*:*:*:*:*:*","pkg:nix/libnl@3.8.0","","libnl","3.8.0","http://www.infradead.org/~tgr/libnl/","False","Linux Netlink interface library suite","lgpl21","LGPL-2.1","fpletz@fnordicwalking.de"
"libossp-uuid-1.6.2","libossp-uuid","1.6.2","/nix/store/12lyvlxz6vhw9pk43iacgclbj99fbnmh-shtool.patch","aarch64-linux","/nix/store/an1y6hzp3ryj1m4v1f8dd36z6xb0x6x4-libossp-uuid-1.6.2","['/nix/store/an1y6hzp3ryj1m4v1f8dd36z6xb0x6x4-libossp-uuid-1.6.2']","/nix/store/x0w0liifq1m8j8db39j269pvm5pm3cwv-libossp-uuid-1.6.2.drv","cpe:2.3:a:libossp-uuid:libossp-uuid:1.6.2:*:*:*:*:*:*:*","pkg:nix/libossp-uuid@1.6.2","","libossp-uuid","1.6.2","http://www.ossp.org/pkg/lib/uuid/","False","OSSP uuid ISO-C and C++ shared library","bsd2","BSD-2-Clause",""
"libpcap-1.10.4","libpcap","1.10.4","","aarch64-linux","/nix/store/m0vzza4svly2spn4hni6jl9hv5z175wg-libpcap-1.10.4","['/nix/store/m0vzza4svly2spn4hni6jl9hv5z175wg-libpcap-1.10.4']","/nix/store/23whgsk6b9r0bn4napra0sx9fi41d7cl-libpcap-1.10.4.drv","cpe:2.3:a:libpcap:libpcap:1.10.4:*:*:*:*:*:*:*","pkg:nix/libpcap@1.10.4","","libpcap","1.10.4","https://www.tcpdump.org","False","Packet Capture Library","bsd3","BSD-3-Clause","fpletz@fnordicwalking.de"
"libpng-apng-1.6.43","libpng-apng","1.6.43","","aarch64-linux","/nix/store/v7l8915x5j8imr6wcd9d8z3dhqwbqpcv-libpng-apng-1.6.43","['/nix/store/v7l8915x5j8imr6wcd9d8z3dhqwbqpcv-libpng-apng-1.6.43']","/nix/store/5l4rqv09152i5rsjiw04623b9hqz5wrm-libpng-apng-1.6.43.drv","cpe:2.3:a:libpng-apng:libpng-apng:1.6.43:*:*:*:*:*:*:*","pkg:nix/libpng-apng@1.6.43","","libpng-apng","1.6.43","http://www.libpng.org/pub/png/libpng.html","False","The official reference implementation for the PNG file format with animation patch","libpng2","libpng-2.0","v@cunat.cz"
"libpsl-0.21.5","libpsl","0.21.5","","aarch64-linux","/nix/store/0vmif2nanhgi07807i8bjymqj664xcwd-libpsl-0.21.5","['/nix/store/0vmif2nanhgi07807i8bjymqj664xcwd-libpsl-0.21.5']","/nix/store/2d9spd4ypyyw11i49ry8991iznhprfnv-libpsl-0.21.5.drv","cpe:2.3:a:libpsl:libpsl:0.21.5:*:*:*:*:*:*:*","pkg:nix/libpsl@0.21.5","","libpsl","0.21.5","https://rockdaboot.github.io/libpsl/","False","C library for the Publix Suffix List","mit","MIT","c0bw3b@gmail.com"
"libpwquality-1.4.5","libpwquality","1.4.5","/nix/store/3z647gd452g1ac9rpcsfzy8psavhgggi-python-binding-prefix.patch","aarch64-linux","/nix/store/7asrwspv1y2xfls23p5dr7hfawffg44v-libpwquality-1.4.5","['/nix/store/sw1bj1hq63j0g99w8l1ixcrra5k44bwn-libpwquality-1.4.5-lib']","/nix/store/73p6s6889qhswyl3kiiclin8xx0m8yfh-libpwquality-1.4.5.drv","cpe:2.3:a:libpwquality_project:libpwquality:1.4.5:*:*:*:*:*:*:*","pkg:nix/libpwquality@1.4.5","","libpwquality","1.4.5","https://github.com/libpwquality/libpwquality","False","Password quality checking and random password generation library","bsd3;gpl2Plus","BSD-3-Clause;GPL-2.0-or-later","hello+nixpkgs@j-k.io"
"librttopo-1.1.0","librttopo","1.1.0","","aarch64-linux","/nix/store/d5r2yjjhdxjvml3cm0yw8m493dy20sw1-librttopo-1.1.0","['/nix/store/d5r2yjjhdxjvml3cm0yw8m493dy20sw1-librttopo-1.1.0']","/nix/store/3mf4402v3yasbslzyq0xqcdkklyngqic-librttopo-1.1.0.drv","cpe:2.3:a:librttopo:librttopo:1.1.0:*:*:*:*:*:*:*","pkg:nix/librttopo@1.1.0","","librttopo","1.1.0","https://git.osgeo.org/gitea/rttopo/librttopo","False","RT Topology Library","gpl2Plus","GPL-2.0-or-later","rschuetz17@gmail.com"
"libseccomp-2.5.5","libseccomp","2.5.5","","aarch64-linux","/nix/store/4agrq02fnay0k2mlpfa0l4m0qskhjsr9-libseccomp-2.5.5","['/nix/store/g7nvv02fbmg8inch4g6kqsiamzy4knpb-libseccomp-2.5.5-lib']","/nix/store/k736nf2wbn2gx4wpr5z8ampn00vzg9ja-libseccomp-2.5.5.drv","cpe:2.3:a:libseccomp_project:libseccomp:2.5.5:*:*:*:*:*:*:*","pkg:nix/libseccomp@2.5.5","","libseccomp","2.5.5","https://github.com/seccomp/libseccomp","False","High level library for the Linux Kernel seccomp filter","lgpl21Only","LGPL-2.1-only","aseipp@pobox.com"
"libsodium-1.0.19","libsodium","1.0.19","/nix/store/mkmrvqyiqyyiyp441pnsf6ynfp69l8rk-drop-Ofast.patch","aarch64-linux","/nix/store/r4pma7j4fns2gm8ysz8rhwq23c4awwcg-libsodium-1.0.19","['/nix/store/r4pma7j4fns2gm8ysz8rhwq23c4awwcg-libsodium-1.0.19']","/nix/store/wzk2fi0d1kn6cxwsha0si2akyhwxjb4j-libsodium-1.0.19.drv","cpe:2.3:a:libsodium:libsodium:1.0.19:*:*:*:*:*:*:*","pkg:nix/libsodium@1.0.19","","libsodium","1.0.19","https://doc.libsodium.org/","False","A modern and easy-to-use crypto library","isc","ISC","7c6f434c@mail.ru"
"libspatialite-5.1.0","libspatialite","5.1.0","","aarch64-linux","/nix/store/c6bzvaz1cjh8h5yqnl5nz8fxyjdyahd3-libspatialite-5.1.0","['/nix/store/c6bzvaz1cjh8h5yqnl5nz8fxyjdyahd3-libspatialite-5.1.0']","/nix/store/p7d639b83spm5d81mj3s959d31jgvky4-libspatialite-5.1.0.drv","cpe:2.3:a:libspatialite:libspatialite:5.1.0:*:*:*:*:*:*:*","pkg:nix/libspatialite@5.1.0","","libspatialite","5.1.0","https://www.gaia-gis.it/fossil/libspatialite","False","Extensible spatial index library in C++","gpl2Plus;lgpl21Plus;mpl11","GPL-2.0-or-later;LGPL-2.1-or-later;MPL-1.1","nixpkgs@raphael.dasgupta.ch;ivan.mincik@gmail.com;mail@nh2.me;nikolasovaskainen@gmail.com;sikmir@disroot.org;rschuetz17@gmail.com"
"libssh2-1.11.0","libssh2","1.11.0","/nix/store/mf8knl8ljf0ia6c7fxy1mlqk2gbpca8y-CVE-2023-48795.patch","aarch64-linux","/nix/store/hm27y1hbsa2k3xqmas2ax6gc9b2m0cmv-libssh2-1.11.0","['/nix/store/hm27y1hbsa2k3xqmas2ax6gc9b2m0cmv-libssh2-1.11.0']","/nix/store/p9dyc31gpx6bmrn16xi0dvl0ailiamzk-libssh2-1.11.0.drv","cpe:2.3:a:libssh2:libssh2:1.11.0:*:*:*:*:*:*:*","pkg:nix/libssh2@1.11.0","","libssh2","1.11.0","https://www.libssh2.org","False","A client-side C library implementing the SSH2 protocol","bsd3;libssh2","BSD-3-Clause","sandro.jaeckel@gmail.com"
"libtasn1-4.19.0","libtasn1","4.19.0","","aarch64-linux","/nix/store/6gn4wjslpiivpvj0jqhi8jsmangl3rr2-libtasn1-4.19.0","['/nix/store/6gn4wjslpiivpvj0jqhi8jsmangl3rr2-libtasn1-4.19.0']","/nix/store/4l321gs42x6qsik7l8vgiljqz09f8z05-libtasn1-4.19.0.drv","cpe:2.3:a:libtasn1:libtasn1:4.19.0:*:*:*:*:*:*:*","pkg:nix/libtasn1@4.19.0","","libtasn1","4.19.0","https://www.gnu.org/software/libtasn1/","False","An ASN.1 library","lgpl2Plus","LGPL-2.0-or-later",""
"libtiff-4.6.0","libtiff","4.6.0","/nix/store/7b42hmisrs0nvdcbsnp21viri88va1z4-headers.patch /nix/store/46bcl7ffs6pfwnlzv2bkfp75dpjr3q3f-rename-version.patch","aarch64-linux","/nix/store/j1a7qa97g002zd2y1hffak8qva4srazh-libtiff-4.6.0","['/nix/store/j1a7qa97g002zd2y1hffak8qva4srazh-libtiff-4.6.0']","/nix/store/k9l08agvn26l5f8gaqzk6kr78ggki3va-libtiff-4.6.0.drv","cpe:2.3:a:libtiff:libtiff:4.6.0:*:*:*:*:*:*:*","pkg:nix/libtiff@4.6.0","","libtiff","4.6.0","https://libtiff.gitlab.io/libtiff","False","Library and utilities for working with the TIFF image file format","libtiff","libtiff",""
"libunistring-1.1","libunistring","1.1","","aarch64-linux","/nix/store/3jdf9aw58nkncyw3d3x36pb37p39k4ia-libunistring-1.1","['/nix/store/3jdf9aw58nkncyw3d3x36pb37p39k4ia-libunistring-1.1']","/nix/store/3jgvdc18bhp43kym0rgd88p8507z4kz7-libunistring-1.1.drv","cpe:2.3:a:gnu:libunistring:1.1:*:*:*:*:*:*:*","pkg:nix/libunistring@1.1","","libunistring","1.1","https://www.gnu.org/software/libunistring/","False","Unicode string library","lgpl3Plus","LGPL-3.0-or-later",""
"libwebp-1.3.2","libwebp","1.3.2","","aarch64-linux","/nix/store/yd45bjn9q7hwkah7w04qk8gpfv15n3dg-libwebp-1.3.2","['/nix/store/yd45bjn9q7hwkah7w04qk8gpfv15n3dg-libwebp-1.3.2']","/nix/store/7b5y68vv0hhmxn1bpg1gd6zr54zhh2h1-libwebp-1.3.2.drv","cpe:2.3:a:webmproject:libwebp:1.3.2:*:*:*:*:*:*:*","pkg:nix/libwebp@1.3.2","","libwebp","1.3.2","https://developers.google.com/speed/webp/","False","Tools and library for the WebP image format","bsd3","BSD-3-Clause","nix@ajs124.de"
"libxcrypt-4.4.36","libxcrypt","4.4.36","","aarch64-linux","/nix/store/cpjpir98xak94i2ql2284hjpn5nc9nci-libxcrypt-4.4.36","['/nix/store/cpjpir98xak94i2ql2284hjpn5nc9nci-libxcrypt-4.4.36']","/nix/store/hv69wilfz4fn9hw5lr5li0kg4lv9psp2-libxcrypt-4.4.36.drv","cpe:2.3:a:elektrobit:libxcrypt:4.4.36:*:*:*:*:*:*:*","pkg:nix/libxcrypt@4.4.36","","libxcrypt","4.4.36","https://github.com/besser82/libxcrypt/","False","Extended crypt library for descrypt, md5crypt, bcrypt, and others","lgpl21Plus","LGPL-2.1-or-later","dottedmag@dottedmag.net;hexa@darmstadt.ccc.de"
"libxml2-2.12.6","libxml2","2.12.6","","aarch64-linux","/nix/store/bvjhqzpwbzmfi350nir8gf7h45igvp5z-libxml2-2.12.6","['/nix/store/bvjhqzpwbzmfi350nir8gf7h45igvp5z-libxml2-2.12.6', '/nix/store/lcikx1bx10v5iy8nf1am11s6q3lgig65-libxml2-2.12.6-dev', '/nix/store/y9fxwzlk4fnyd6rr8w7qk3hhpv8y4fks-libxml2-2.12.6-bin']","/nix/store/0q1qvz4an8wsbfwnlcwqzhb599ixlp1x-libxml2-2.12.6.drv","cpe:2.3:a:xmlsoft:libxml2:2.12.6:*:*:*:*:*:*:*","pkg:nix/libxml2@2.12.6","","libxml2","2.12.6","https://gitlab.gnome.org/GNOME/libxml2","False","XML parsing library for C","mit","MIT","edolstra+nixpkgs@gmail.com;jtojnar@gmail.com"
"linux-pam-1.6.0","linux-pam","1.6.0","/nix/store/05xa64r8d25jxypns4z5p0lir16azi12-suid-wrapper-path.patch /nix/store/7xnsgwi9pzfyr92d5ic8hvb28yms575b-pam_namespace-stdint.h.patch","aarch64-linux","/nix/store/4rdpzzfssknp4k4cn59wc7xcdiyv9j53-linux-pam-1.6.0","['/nix/store/4rdpzzfssknp4k4cn59wc7xcdiyv9j53-linux-pam-1.6.0']","/nix/store/3zv3g3ib1bk5fyz3az2zx147vzcxxm55-linux-pam-1.6.0.drv","cpe:2.3:a:linux-pam:linux-pam:1.6.0:*:*:*:*:*:*:*","pkg:nix/linux-pam@1.6.0","","linux-pam","1.6.0","http://www.linux-pam.org/","False","Pluggable Authentication Modules, a flexible mechanism for authenticating user","bsd3","BSD-3-Clause",""
"lvm2-2.03.23","lvm2","2.03.23","/nix/store/fhxwxayspbh8wsnnawigxqmkz4r9cjl9-fix-blkdeactivate.patch /nix/store/s6w1agmgysghcfmfr80wn78cgrimkwib-fix-stdio-usage.patch /nix/store/ciyvl9z6i03drsi4hf7aya9wag0gj5fg-fix-static.patch","aarch64-linux","/nix/store/5imy12mikwx1jg0qcwrcds4qs1dhi4pl-lvm2-2.03.23","['/nix/store/h1lllcivpzrqmh2n5lbmjk17f6gvf34s-lvm2-2.03.23-lib']","/nix/store/7y3y1ywlrrmvwyxiz6bmr35xpnrl32q2-lvm2-2.03.23.drv","cpe:2.3:a:lvm2:lvm2:2.03.23:*:*:*:*:*:*:*","pkg:nix/lvm2@2.03.23","","lvm2","2.03.23","http://sourceware.org/lvm2/","False","Tools to support Logical Volume Management (LVM) on Linux","gpl2;bsd2;lgpl21","GPL-2.0;BSD-2-Clause;LGPL-2.1","7c6f434c@mail.ru;nix@ajs124.de;janne@hess.ooo"
"lz4-1.9.4","lz4","1.9.4","/nix/store/ikhp49vyvnxhkkip5ikjmqj1bddqfgz4-build-shared-no.patch","aarch64-linux","/nix/store/wcwqdhl9jpwgj1fdr0pw9dbaf5m43f17-lz4-1.9.4","['/nix/store/4n4nicxcrl1kxsg48kqvmachblkidkal-lz4-1.9.4-bin', '/nix/store/5r003hs46cpvqjapxf2nrdf1vd70f14a-lz4-1.9.4-dev', '/nix/store/wcwqdhl9jpwgj1fdr0pw9dbaf5m43f17-lz4-1.9.4']","/nix/store/s5ncv76npkbv9l1k2dhrs79v0a77pg2n-lz4-1.9.4.drv","cpe:2.3:a:lz4:lz4:1.9.4:*:*:*:*:*:*:*","pkg:nix/lz4@1.9.4","","lz4","1.9.4","https://lz4.github.io/lz4/","False","Extremely fast compression algorithm","bsd2;gpl2Plus","BSD-2-Clause;GPL-2.0-or-later",""
"mailcap-2.1.53","mailcap","2.1.53","","aarch64-linux","/nix/store/01lnzdcy1n8fd9v3r2fgs3f5j3hhagj8-mailcap-2.1.53","['/nix/store/01lnzdcy1n8fd9v3r2fgs3f5j3hhagj8-mailcap-2.1.53']","/nix/store/ab9pcj6qc3alqjh1rym2ss6dbprnxrfi-mailcap-2.1.53.drv","cpe:2.3:a:mailcap:mailcap:2.1.53:*:*:*:*:*:*:*","pkg:nix/mailcap@2.1.53","","mailcap","2.1.53","https://pagure.io/mailcap","False","Helper application and MIME type associations for file types","mit","MIT","c0bw3b@gmail.com"
"mariadb-connector-c-3.3.5","mariadb-connector-c","3.3.5","","aarch64-linux","/nix/store/ca63mqdq7sczmmrgpxh9nwpzgsyaa63h-mariadb-connector-c-3.3.5","['/nix/store/ca63mqdq7sczmmrgpxh9nwpzgsyaa63h-mariadb-connector-c-3.3.5']","/nix/store/ajxr34rz66gxaq7k32bkk2jl06p0k335-mariadb-connector-c-3.3.5.drv","cpe:2.3:a:mariadb-connector-c:mariadb-connector-c:3.3.5:*:*:*:*:*:*:*","pkg:nix/mariadb-connector-c@3.3.5","","mariadb-connector-c","3.3.5","","False","Client library that can be used to connect to MySQL or MariaDB","lgpl21Plus","LGPL-2.1-or-later","mail@glob.in"
"mecab-0.996","mecab","0.996","","aarch64-linux","/nix/store/bxvhh6r783whc8av8fzxqzqd5xcv6zga-mecab-0.996","['/nix/store/bxvhh6r783whc8av8fzxqzqd5xcv6zga-mecab-0.996']","/nix/store/prsnjy5x3mzdsqiwmyg6brzp6z710a58-mecab-0.996.drv","cpe:2.3:a:mecab:mecab:0.996:*:*:*:*:*:*:*","pkg:nix/mecab@0.996","","mecab","0.996","http://taku910.github.io/mecab/","False","Japanese morphological analysis system","bsd3","BSD-3-Clause","auntieNeo@gmail.com"
"mecab-ipadic-2.7.0-20070801","mecab-ipadic","2.7.0-20070801","","aarch64-linux","/nix/store/6jr4jzarapyabnhn9ikxbpjr15ps7jb5-mecab-ipadic-2.7.0-20070801","['/nix/store/6jr4jzarapyabnhn9ikxbpjr15ps7jb5-mecab-ipadic-2.7.0-20070801']","/nix/store/b3rhkaq5avbdkz2sasnmrzlsr5j2hb3y-mecab-ipadic-2.7.0-20070801.drv","cpe:2.3:a:mecab-ipadic:mecab-ipadic:2.7.0-20070801:*:*:*:*:*:*:*","pkg:nix/mecab-ipadic@2.7.0-20070801","","","","","","","","",""
"minizip-1.3.1","minizip","1.3.1","","aarch64-linux","/nix/store/ak49z972pq26j131v0nmvvy272apqc14-minizip-1.3.1","['/nix/store/ak49z972pq26j131v0nmvvy272apqc14-minizip-1.3.1']","/nix/store/rmh63gj7qhswj3y84bc2afqb2nybgqvl-minizip-1.3.1.drv","cpe:2.3:a:minizip_project:minizip:1.3.1:*:*:*:*:*:*:*","pkg:nix/minizip@1.3.1","","minizip","1.3.1","https://zlib.net","False","Compression library implementing the deflate compression method found in gzip and PKZIP","zlib","Zlib",""
"mpdecimal-4.0.0","mpdecimal","4.0.0","","aarch64-linux","/nix/store/f0p0429q4dx3ll0nah0kc67gw1pm286y-mpdecimal-4.0.0","['/nix/store/f0p0429q4dx3ll0nah0kc67gw1pm286y-mpdecimal-4.0.0']","/nix/store/cns4xdaphyggndpm2gidvfnrk7479sk5-mpdecimal-4.0.0.drv","cpe:2.3:a:mpdecimal:mpdecimal:4.0.0:*:*:*:*:*:*:*","pkg:nix/mpdecimal@4.0.0","","mpdecimal","4.0.0","https://www.bytereef.org/mpdecimal/index.html","False","Library for arbitrary precision decimal floating point arithmetic","bsd2","BSD-2-Clause","KAction@disroot.org"
"mpfr-4.2.1","mpfr","4.2.1","","aarch64-linux","/nix/store/hvg7m472rkq88p0sh956x5yhdwzgfrcj-mpfr-4.2.1","['/nix/store/hvg7m472rkq88p0sh956x5yhdwzgfrcj-mpfr-4.2.1']","/nix/store/ykphzrx56lr9hyapirwvym8i0f9550r1-mpfr-4.2.1.drv","cpe:2.3:a:mpfr:mpfr:4.2.1:*:*:*:*:*:*:*","pkg:nix/mpfr@4.2.1","","mpfr","4.2.1","https://www.mpfr.org/","False","Library for multiple-precision floating-point arithmetic","lgpl2Plus","LGPL-2.0-or-later",""
"msgpack-c-6.0.0","msgpack-c","6.0.0","","aarch64-linux","/nix/store/l1xxab35j3s9cs18pmbqdpihw8fhf18v-msgpack-c-6.0.0","['/nix/store/l1xxab35j3s9cs18pmbqdpihw8fhf18v-msgpack-c-6.0.0']","/nix/store/1h2vsrg63b4bv58y0ijv9wyc8a9l3vjl-msgpack-c-6.0.0.drv","cpe:2.3:a:msgpack-c:msgpack-c:6.0.0:*:*:*:*:*:*:*","pkg:nix/msgpack-c@6.0.0","","msgpack-c","6.0.0","https://github.com/msgpack/msgpack-c","False","MessagePack implementation for C","boost","BSL-1.0","nickcao@nichi.co"
"ncurses-6.4","ncurses","6.4","","aarch64-linux","/nix/store/s7jj9xhqrzgsjwi9y5dxivgrlj6xgjwy-ncurses-6.4","['/nix/store/1r1xdw3xkkv88zwn9yy05bz4inx3fk2s-ncurses-6.4-dev', '/nix/store/pgcn0n7i6mkgsvxyyl539xq8krgqvvr4-ncurses-6.4-man', '/nix/store/s7jj9xhqrzgsjwi9y5dxivgrlj6xgjwy-ncurses-6.4']","/nix/store/w59gnhhmhwmb57jyqwly32j8cyv9bzrb-ncurses-6.4.drv","cpe:2.3:a:ncurses:ncurses:6.4:*:*:*:*:*:*:*","pkg:nix/ncurses@6.4","","ncurses","6.4","https://www.gnu.org/software/ncurses/","False","Free software emulation of curses in SVR4 and more","mit","MIT",""
"nettle-3.9.1","nettle","3.9.1","","aarch64-linux","/nix/store/nxw2s7kw42r910m8hkbz7d0mg2fdqah3-nettle-3.9.1","['/nix/store/nxw2s7kw42r910m8hkbz7d0mg2fdqah3-nettle-3.9.1']","/nix/store/9c38mdq9143s89dk3m4dix5spkf8n4d4-nettle-3.9.1.drv","cpe:2.3:a:nettle_project:nettle:3.9.1:*:*:*:*:*:*:*","pkg:nix/nettle@3.9.1","","nettle","3.9.1","https://www.lysator.liu.se/~nisse/nettle/","False","Cryptographic library","gpl2Plus","GPL-2.0-or-later","v@cunat.cz"
"nghttp2-1.60.0","nghttp2","1.60.0","","aarch64-linux","/nix/store/l51dlqjm6hh120r6q0rhinyj4fxkbxrv-nghttp2-1.60.0","['/nix/store/wsg75l5h74gaamnp2my4yqpvkiv42q5w-nghttp2-1.60.0-lib']","/nix/store/ny0qifhfkbrda3j7bcw4j2vq1c5ggn8r-nghttp2-1.60.0.drv","cpe:2.3:a:nghttp2:nghttp2:1.60.0:*:*:*:*:*:*:*","pkg:nix/nghttp2@1.60.0","","nghttp2","1.60.0","https://nghttp2.org/","False","HTTP/2 C library and tools","mit","MIT","c0bw3b@gmail.com"
"npth-1.7","npth","1.7","/nix/store/41byah0r7ab43jnzy3c5wyblvxl346xv-musl.patch","aarch64-linux","/nix/store/njfbsappc3v6v0mpx0svkkm2d7fvxmr9-npth-1.7","['/nix/store/njfbsappc3v6v0mpx0svkkm2d7fvxmr9-npth-1.7']","/nix/store/gbrn0zhxx04drqzy2xfkw858c0yg6h1p-npth-1.7.drv","cpe:2.3:a:npth:npth:1.7:*:*:*:*:*:*:*","pkg:nix/npth@1.7","","npth","1.7","http://www.gnupg.org","False","The New GNU Portable Threads Library","lgpl3","LGPL-3.0",""
"openblas-0.3.26","openblas","0.3.26","","aarch64-linux","/nix/store/zxjkyh3rcdgk8lpid323lrvamd72v2fm-openblas-0.3.26","['/nix/store/zxjkyh3rcdgk8lpid323lrvamd72v2fm-openblas-0.3.26']","/nix/store/vm8z3a28h8d11dir6vc5jz0nf9fiy4wx-openblas-0.3.26.drv","cpe:2.3:a:openblas_project:openblas:0.3.26:*:*:*:*:*:*:*","pkg:nix/openblas@0.3.26","","openblas","0.3.26","https://github.com/OpenMathLib/OpenBLAS","False","Basic Linear Algebra Subprograms","bsd3","BSD-3-Clause","ttuegel@mailbox.org"
"openexr-2.5.10","openexr","2.5.10","/nix/store/jpxf7fqignci97v7zxq5v2ssk3aqm4fh-CVE-2021-45942.patch /nix/store/49s24p37jf9rsbb556y1azwp3y7jilq2-CVE-2021-3933.patch /nix/store/dv6fz965d9imfaksnf8wz0jdrg7ga9aq-gcc-13.patch","aarch64-linux","/nix/store/r24s7jj9vc3mds6yrvjr166nnyaysi46-openexr-2.5.10","['/nix/store/r24s7jj9vc3mds6yrvjr166nnyaysi46-openexr-2.5.10']","/nix/store/xnkdbqj7ifxy1w7jfqw9zrm16gknmg64-openexr-2.5.10.drv","cpe:2.3:a:openexr:openexr:2.5.10:*:*:*:*:*:*:*","pkg:nix/openexr@2.5.10","","openexr","2.5.10","https://www.openexr.com/","False","A high dynamic-range (HDR) image file format","bsd3","BSD-3-Clause",""
"openjpeg-2.5.2","openjpeg","2.5.2","","aarch64-linux","/nix/store/77vdhip00bfcxrplfzwm40b54izcqmxl-openjpeg-2.5.2","['/nix/store/77vdhip00bfcxrplfzwm40b54izcqmxl-openjpeg-2.5.2']","/nix/store/zrxzm0hjivndvc1xbykrm7x3gkvxlxbl-openjpeg-2.5.2.drv","cpe:2.3:a:openjpeg:openjpeg:2.5.2:*:*:*:*:*:*:*","pkg:nix/openjpeg@2.5.2","","openjpeg","2.5.2","https://www.openjpeg.org/","False","Open-source JPEG 2000 codec written in C language","bsd2","BSD-2-Clause","codyopel@gmail.com"
"openssl-3.0.13","openssl","3.0.13","/nix/store/sq4h6bqjx12v9whvm65pjss25hg1538q-nix-ssl-cert-file.patch /nix/store/cklrwbwi889pp2fdsswdjvn12sdy5i5j-openssl-disable-kernel-detection.patch /nix/store/lzmcfv2m4ripknpvbsv8wcg1ik1kif4h-use-etc-ssl-certs.patch","aarch64-linux","/nix/store/0kfbzhd8qdsxsd4qf9dkpcd3f916krvr-openssl-3.0.13","['/nix/store/0kfbzhd8qdsxsd4qf9dkpcd3f916krvr-openssl-3.0.13', '/nix/store/1nxxvdvfc0z8a6cm297dz6nqbipyxlyv-openssl-3.0.13-dev', '/nix/store/dnj9s6bql5g75gp0w542gr4ikk7dnk7w-openssl-3.0.13-bin']","/nix/store/rr83cfv5fagxhvv94yl7p0j5mcn2a5aj-openssl-3.0.13.drv","cpe:2.3:a:openssl:openssl:3.0.13:*:*:*:*:*:*:*","pkg:nix/openssl@3.0.13","","openssl","3.0.13","https://www.openssl.org/","False","A cryptographic library that implements the SSL and TLS protocols","asl20","Apache-2.0","theil.markus@gmail.com"
"p11-kit-0.25.3","p11-kit","0.25.3","","aarch64-linux","/nix/store/h6lkin2qlcpz3c22240zyp3gipqimmj1-p11-kit-0.25.3","['/nix/store/h6lkin2qlcpz3c22240zyp3gipqimmj1-p11-kit-0.25.3']","/nix/store/kb3x9w6dq89diwl1290ggx8094qrjl94-p11-kit-0.25.3.drv","cpe:2.3:a:p11-kit_project:p11-kit:0.25.3:*:*:*:*:*:*:*","pkg:nix/p11-kit@0.25.3","","p11-kit","0.25.3","https://p11-glue.github.io/p11-glue/p11-kit.html","False","Library for loading and sharing PKCS#11 modules","bsd3","BSD-3-Clause",""
"pcre2-10.43","pcre2","10.43","","aarch64-linux","/nix/store/ipf1iqnisxm8z7x88vj52w59zpy62izv-pcre2-10.43","['/nix/store/ipf1iqnisxm8z7x88vj52w59zpy62izv-pcre2-10.43']","/nix/store/7vsb06g8mp51lwj9cfhf6aybdv4nrbw2-pcre2-10.43.drv","cpe:2.3:a:pcre:pcre2:10.43:*:*:*:*:*:*:*","pkg:nix/pcre2@10.43","","pcre2","10.43","https://www.pcre.org/","False","Perl Compatible Regular Expressions","bsd3","BSD-3-Clause","ttuegel@mailbox.org"
"pcsclite-2.0.3","pcsclite","2.0.3","","aarch64-linux","/nix/store/063x4li4chsa90mxf6whk9lw9zbkm9b0-pcsclite-2.0.3","['/nix/store/j22kg12x71yp0v32r7mpkgm3gwv8c74x-pcsclite-2.0.3-lib']","/nix/store/b956ma6kkvz8zh8i4g175w2v38vsjrmp-pcsclite-2.0.3.drv","cpe:2.3:a:pcsclite:pcsclite:2.0.3:*:*:*:*:*:*:*","pkg:nix/pcsclite@2.0.3","","pcsclite","2.0.3","https://pcsclite.apdu.fr/","False","Middleware to access a smart card using SCard API (PC/SC)","bsd3","BSD-3-Clause","anthony@roussel.dev"
"pg-safeupdate-1.4","pg-safeupdate","1.4","","aarch64-linux","/nix/store/vyq8l6x45gq05xylsi3dmwnfl7w6gli5-pg-safeupdate-1.4","['/nix/store/vyq8l6x45gq05xylsi3dmwnfl7w6gli5-pg-safeupdate-1.4']","/nix/store/y36v56x4p3i09k76dg0x3af1p4r6xf4q-pg-safeupdate-1.4.drv","cpe:2.3:a:pg-safeupdate:pg-safeupdate:1.4:*:*:*:*:*:*:*","pkg:nix/pg-safeupdate@1.4","","pg-safeupdate","1.4","https://github.com/eradman/pg-safeupdate","False","A simple extension to PostgreSQL that requires criteria for UPDATE and DELETE","postgresql","PostgreSQL",""
"pg_cron-1.6.2","pg_cron","1.6.2","","aarch64-linux","/nix/store/b9ybkjcp489vz88qy3indbcd2vqf8a1z-pg_cron-1.6.2","['/nix/store/b9ybkjcp489vz88qy3indbcd2vqf8a1z-pg_cron-1.6.2']","/nix/store/vhf0g9zqffhk34jpw2x74xkz2gpiwqpw-pg_cron-1.6.2.drv","cpe:2.3:a:pg_cron:pg_cron:1.6.2:*:*:*:*:*:*:*","pkg:nix/pg_cron@1.6.2","","pg_cron","1.6.2","https://github.com/citusdata/pg_cron","False","Run Cron jobs through PostgreSQL","postgresql","PostgreSQL","aseipp@pobox.com"
"pg_graphql-1.5.6","pg_graphql","1.5.6","","aarch64-linux","/nix/store/mzqwj46zyc03jfhxzglp8rwhn623mdjq-pg_graphql-1.5.6","['/nix/store/mzqwj46zyc03jfhxzglp8rwhn623mdjq-pg_graphql-1.5.6']","/nix/store/9qyx8sls5igpbf6jqqs00inf0x4vpjlg-pg_graphql-1.5.6.drv","cpe:2.3:a:pg_graphql:pg_graphql:1.5.6:*:*:*:*:*:*:*","pkg:nix/pg_graphql@1.5.6","","","","","","","","",""
"pg_hashids-cd0e1b31d52b394a0df64079406a14a4f7387cd6","pg_hashids","cd0e1b31d52b394a0df64079406a14a4f7387cd6","","aarch64-linux","/nix/store/xfxqvap25w3d9j3kirlg4vyx75yx7v32-pg_hashids-cd0e1b31d52b394a0df64079406a14a4f7387cd6","['/nix/store/xfxqvap25w3d9j3kirlg4vyx75yx7v32-pg_hashids-cd0e1b31d52b394a0df64079406a14a4f7387cd6']","/nix/store/k624ssjdmypfb6qiibvnj4f7b1kn83bc-pg_hashids-cd0e1b31d52b394a0df64079406a14a4f7387cd6.drv","cpe:2.3:a:pg_hashids:pg_hashids:cd0e1b31d52b394a0df64079406a14a4f7387cd6:*:*:*:*:*:*:*","pkg:nix/pg_hashids@cd0e1b31d52b394a0df64079406a14a4f7387cd6","","","","","","","","",""
"pg_jsonschema-0.3.1","pg_jsonschema","0.3.1","","aarch64-linux","/nix/store/ii8jz9whapmvxzlnmhg72pqhfs4mdz5d-pg_jsonschema-0.3.1","['/nix/store/ii8jz9whapmvxzlnmhg72pqhfs4mdz5d-pg_jsonschema-0.3.1']","/nix/store/70jxr2bdm6dw5arcsijcmplkpc56j89m-pg_jsonschema-0.3.1.drv","cpe:2.3:a:pg_jsonschema:pg_jsonschema:0.3.1:*:*:*:*:*:*:*","pkg:nix/pg_jsonschema@0.3.1","","","","","","","","",""
"pg_net-0.9.2","pg_net","0.9.2","","aarch64-linux","/nix/store/mzjyjgz0zzck5wsncrrim8zwxbz12vy8-pg_net-0.9.2","['/nix/store/mzjyjgz0zzck5wsncrrim8zwxbz12vy8-pg_net-0.9.2']","/nix/store/0xfmdv6dl0mcbq50s1ysw1mynjrld94b-pg_net-0.9.2.drv","cpe:2.3:a:pg_net:pg_net:0.9.2:*:*:*:*:*:*:*","pkg:nix/pg_net@0.9.2","","","","","","","","",""
"pg_plan_filter-5081a7b5cb890876e67d8e7486b6a64c38c9a492","pg_plan_filter","5081a7b5cb890876e67d8e7486b6a64c38c9a492","","aarch64-linux","/nix/store/ww3yq1m42w0ihl7wlzidw99m0lm4p1y6-pg_plan_filter-5081a7b5cb890876e67d8e7486b6a64c38c9a492","['/nix/store/ww3yq1m42w0ihl7wlzidw99m0lm4p1y6-pg_plan_filter-5081a7b5cb890876e67d8e7486b6a64c38c9a492']","/nix/store/2b6dsd7czgjb4nzybjhr44isblk86c88-pg_plan_filter-5081a7b5cb890876e67d8e7486b6a64c38c9a492.drv","cpe:2.3:a:pg_plan_filter:pg_plan_filter:5081a7b5cb890876e67d8e7486b6a64c38c9a492:*:*:*:*:*:*:*","pkg:nix/pg_plan_filter@5081a7b5cb890876e67d8e7486b6a64c38c9a492","","","","","","","","",""
"pg_repack-1.5.0","pg_repack","1.5.0","","aarch64-linux","/nix/store/6ffk2cyxqsvwaw7578xg1sfk35knp1y1-pg_repack-1.5.0","['/nix/store/6ffk2cyxqsvwaw7578xg1sfk35knp1y1-pg_repack-1.5.0']","/nix/store/2v2ksjh2pr4b7i2gcapvin1haf38rw1l-pg_repack-1.5.0.drv","cpe:2.3:a:pg_repack:pg_repack:1.5.0:*:*:*:*:*:*:*","pkg:nix/pg_repack@1.5.0","","pg_repack","1.5.0","https://github.com/reorg/pg_repack","False","Reorganize tables in PostgreSQL databases with minimal locks","bsd3","BSD-3-Clause","abcz2.uprola@gmail.com"
"pg_stat_monitor-1.1.1","pg_stat_monitor","1.1.1","","aarch64-linux","/nix/store/m43ss2pmvv74iza36may2dqhl5c5r9pb-pg_stat_monitor-1.1.1","['/nix/store/m43ss2pmvv74iza36may2dqhl5c5r9pb-pg_stat_monitor-1.1.1']","/nix/store/igc9ab7jv6153x8k6zvvr58xznfkr84l-pg_stat_monitor-1.1.1.drv","cpe:2.3:a:pg_stat_monitor:pg_stat_monitor:1.1.1:*:*:*:*:*:*:*","pkg:nix/pg_stat_monitor@1.1.1","","","","","","","","",""
"pg_tle-1.3.2","pg_tle","1.3.2","","aarch64-linux","/nix/store/dn45bq7yx0grgdxbbzqx85nppidvp3xy-pg_tle-1.3.2","['/nix/store/dn45bq7yx0grgdxbbzqx85nppidvp3xy-pg_tle-1.3.2']","/nix/store/chwzsy1r141cki5wiz2vixwza12fydg8-pg_tle-1.3.2.drv","cpe:2.3:a:pg_tle:pg_tle:1.3.2:*:*:*:*:*:*:*","pkg:nix/pg_tle@1.3.2","","","","","","","","",""
"pgaudit-1.7.0","pgaudit","1.7.0","","aarch64-linux","/nix/store/8y1gjlvfbi3sr76jxjr17s3qyk9qpf5l-pgaudit-1.7.0","['/nix/store/8y1gjlvfbi3sr76jxjr17s3qyk9qpf5l-pgaudit-1.7.0']","/nix/store/6xkshcqzcxcicx651k90ckm2z6v2kn9j-pgaudit-1.7.0.drv","cpe:2.3:a:pgaudit:pgaudit:1.7.0:*:*:*:*:*:*:*","pkg:nix/pgaudit@1.7.0","","pgaudit","1.7.0","https://github.com/pgaudit/pgaudit","False","Open Source PostgreSQL Audit Logging","postgresql","PostgreSQL","dominic@steinitz.org"
"pgjwt-9742dab1b2f297ad3811120db7b21451bca2d3c9","pgjwt","9742dab1b2f297ad3811120db7b21451bca2d3c9","","aarch64-linux","/nix/store/235lac7wy15v3cki9nabmam77mnmcp79-pgjwt-9742dab1b2f297ad3811120db7b21451bca2d3c9","['/nix/store/235lac7wy15v3cki9nabmam77mnmcp79-pgjwt-9742dab1b2f297ad3811120db7b21451bca2d3c9']","/nix/store/f4w1dkmrmknvxxlyb976ilv1ykaahdhb-pgjwt-9742dab1b2f297ad3811120db7b21451bca2d3c9.drv","cpe:2.3:a:pgjwt:pgjwt:9742dab1b2f297ad3811120db7b21451bca2d3c9:*:*:*:*:*:*:*","pkg:nix/pgjwt@9742dab1b2f297ad3811120db7b21451bca2d3c9","","","","","","","","",""
"pgroonga-3.0.7","pgroonga","3.0.7","","aarch64-linux","/nix/store/vqnac4q6q7ffj8mdsvssdfx37l83gc0c-pgroonga-3.0.7","['/nix/store/vqnac4q6q7ffj8mdsvssdfx37l83gc0c-pgroonga-3.0.7']","/nix/store/bcbhrlqxy069lvs0bs4c6wrxji8isrnh-pgroonga-3.0.7.drv","cpe:2.3:a:pgroonga:pgroonga:3.0.7:*:*:*:*:*:*:*","pkg:nix/pgroonga@3.0.7","","","","","","","","",""
"pgrouting-3.4.1","pgrouting","3.4.1","","aarch64-linux","/nix/store/2wv1znrd6p8qd062pi87k26hfbq2mflf-pgrouting-3.4.1","['/nix/store/2wv1znrd6p8qd062pi87k26hfbq2mflf-pgrouting-3.4.1']","/nix/store/y3id29jbkgvilvqdp5f8rxm0ypa952n2-pgrouting-3.4.1.drv","cpe:2.3:a:pgrouting:pgrouting:3.4.1:*:*:*:*:*:*:*","pkg:nix/pgrouting@3.4.1","","","","","","","","",""
"pgsodium-3.1.8","pgsodium","3.1.8","","aarch64-linux","/nix/store/ih3ynyl3vra4bld5ywns1m52yi8m44zi-pgsodium-3.1.8","['/nix/store/ih3ynyl3vra4bld5ywns1m52yi8m44zi-pgsodium-3.1.8']","/nix/store/skaxi0qca2srj3c0q4alqqamb9sw9imq-pgsodium-3.1.8.drv","cpe:2.3:a:pgsodium:pgsodium:3.1.8:*:*:*:*:*:*:*","pkg:nix/pgsodium@3.1.8","","","","","","","","",""
"pgsql-http-1.5.0","pgsql-http","1.5.0","","aarch64-linux","/nix/store/7r1rnmip9b28fbwn09wbgi7072bsvk2j-pgsql-http-1.5.0","['/nix/store/7r1rnmip9b28fbwn09wbgi7072bsvk2j-pgsql-http-1.5.0']","/nix/store/w4nhjjfmadj4g3r5blz65mfnqi8lrpds-pgsql-http-1.5.0.drv","cpe:2.3:a:pgsql-http:pgsql-http:1.5.0:*:*:*:*:*:*:*","pkg:nix/pgsql-http@1.5.0","","","","","","","","",""
"pgtap-1.2.0","pgtap","1.2.0","","aarch64-linux","/nix/store/104r2nj1c0f8ialcg218a709kri6rvsq-pgtap-1.2.0","['/nix/store/104r2nj1c0f8ialcg218a709kri6rvsq-pgtap-1.2.0']","/nix/store/sjd69ybpdbds3pfc55lwi1b5i5h2kwb5-pgtap-1.2.0.drv","cpe:2.3:a:pgtap:pgtap:1.2.0:*:*:*:*:*:*:*","pkg:nix/pgtap@1.2.0","","pgtap","1.2.0","https://pgtap.org","False","A unit testing framework for PostgreSQL","mit","MIT","willibutz@posteo.de"
"pgvector-0.7.0","pgvector","0.7.0","","aarch64-linux","/nix/store/hc9q03yfbdx078hcvlxanjgd8akwdk1n-pgvector-0.7.0","['/nix/store/hc9q03yfbdx078hcvlxanjgd8akwdk1n-pgvector-0.7.0']","/nix/store/7rbmvwavrfspqlwb2w5f693r4irm1xf2-pgvector-0.7.0.drv","cpe:2.3:a:pgvector:pgvector:0.7.0:*:*:*:*:*:*:*","pkg:nix/pgvector@0.7.0","","","","","","","","",""
"plpgsql-check-2.2.5","plpgsql-check","2.2.5","","aarch64-linux","/nix/store/v1iqf6s8nd57471m5gqm04azp0qm5rah-plpgsql-check-2.2.5","['/nix/store/v1iqf6s8nd57471m5gqm04azp0qm5rah-plpgsql-check-2.2.5']","/nix/store/97xhc5520x9rq886hdgbvqlsvqgiym4b-plpgsql-check-2.2.5.drv","cpe:2.3:a:plpgsql-check:plpgsql-check:2.2.5:*:*:*:*:*:*:*","pkg:nix/plpgsql-check@2.2.5","","","","","","","","",""
"plv8-3.1.5","plv8","3.1.5","/nix/store/lyfs73y2gzcy64an6p17xqgd3h9m1wwm-0001-build-Allow-using-V8-from-system.patch","aarch64-linux","/nix/store/vdsa9jbhil7ywksj68vgn9nxyyrcdz5w-plv8-3.1.5","['/nix/store/vdsa9jbhil7ywksj68vgn9nxyyrcdz5w-plv8-3.1.5']","/nix/store/byjn2npq2vm4krx5crwag4xfdf56d7cr-plv8-3.1.5.drv","cpe:2.3:a:plv8:plv8:3.1.5:*:*:*:*:*:*:*","pkg:nix/plv8@3.1.5","","plv8","3.1.5","https://plv8.github.io/","False","V8 Engine Javascript Procedural Language add-on for PostgreSQL","postgresql","PostgreSQL",""
"postgis-3.3.2","postgis","3.3.2","","aarch64-linux","/nix/store/lp3nq8ggiy4ildgzh5yy1d9pj3mv9kbd-postgis-3.3.2","['/nix/store/lp3nq8ggiy4ildgzh5yy1d9pj3mv9kbd-postgis-3.3.2']","/nix/store/xf46aj02b1cclqfvyssqnh2zlkjp2ksr-postgis-3.3.2.drv","cpe:2.3:a:postgis:postgis:3.3.2:*:*:*:*:*:*:*","pkg:nix/postgis@3.3.2","","postgis","3.3.2","https://postgis.net/","False","Geographic Objects for PostgreSQL","gpl2","GPL-2.0","marco-oweber@gmx.de"
"postgresql-15.6","postgresql","15.6","/nix/store/swgv1lhvjch4mwhwznvzm55brv4rsfqc-disable-resolve_symlinks.patch /nix/store/3a7xq2qhxw2r7naqmc53akmx7yvz0mkf-less-is-more.patch /nix/store/j41p2lkvnmcvc76x64pxy8lh4vd838sy-hardcode-pgxs-path.patch /nix/store/75a44m59dwpwwgm7pcwwh9hmlx17gq63-specify_pkglibdir_at_runtime.patch /nix/store/zpsqrnfpmmw840vr6xgsmynp6k4lk3ki-findstring.patch /nix/store/79n802m1haxmxfl5i96hdvywpj8q7lk3-locale-binary-path.patch /nix/store/82jlbf51x72dwgh5dzm9sdbq9grgznfx-socketdir-in-run-13.patch","aarch64-linux","/nix/store/g00gz9yrgrm745aadlqzn1zi61v16qkz-postgresql-15.6","['/nix/store/g00gz9yrgrm745aadlqzn1zi61v16qkz-postgresql-15.6', '/nix/store/kp2rfl694lz30kc2xryja605k8739z5v-postgresql-15.6-man', '/nix/store/sybn98bpp0xxgcv4is50a5sakwq92frp-postgresql-15.6-lib']","/nix/store/s0ir660dknij1i1ap8xlv11sbmrpv7r0-postgresql-15.6.drv","cpe:2.3:a:postgresql:postgresql:15.6:*:*:*:*:*:*:*","pkg:nix/postgresql@15.6","","postgresql","15.6","https://www.postgresql.org","False","A powerful, open source object-relational database system","postgresql","PostgreSQL","aseipp@pobox.com;abcz2.uprola@gmail.com;mail@glob.in;ivan@ludios.org;maximilian@mbosch.me"
"postgresql-and-plugins-15.6","postgresql-and-plugins-15.6","","","aarch64-linux","/nix/store/cdyvyih7k3wi9v54in8xa1n8s78h367j-postgresql-and-plugins-15.6","['/nix/store/cdyvyih7k3wi9v54in8xa1n8s78h367j-postgresql-and-plugins-15.6']","/nix/store/9hm5cmn5c7s6la0dgjydxsanrhf4kmqb-postgresql-and-plugins-15.6.drv","cpe:2.3:a:postgresql-and-plugins-15.6:postgresql-and-plugins-15.6::*:*:*:*:*:*:*","pkg:nix/postgresql-and-plugins-15.6","","","","","","","","",""
"postgresql-and-plugins-15.6","postgresql-and-plugins-15.6","15.6","","aarch64-linux","/nix/store/b3w4575wzzml5vwglwbwy5ccda6g2i6b-postgresql-and-plugins-15.6","['/nix/store/b3w4575wzzml5vwglwbwy5ccda6g2i6b-postgresql-and-plugins-15.6']","/nix/store/sdysq7wvail8jap3y7xnhydvgm656dwz-postgresql-and-plugins-15.6.drv","cpe:2.3:a:postgresql-and-plugins-15.6:postgresql-and-plugins-15.6:15.6:*:*:*:*:*:*:*","pkg:nix/postgresql-and-plugins-15.6@15.6","","","","","","","","",""
"proj-9.4.0","proj","9.4.0","/nix/store/a29vmyz1hfyw3qxvsd77fp6d30jm7sab-only-add-curl-for-static-builds.patch","aarch64-linux","/nix/store/pqla89qgh62pzcii6jm6qs3d997s10rp-proj-9.4.0","['/nix/store/pqla89qgh62pzcii6jm6qs3d997s10rp-proj-9.4.0']","/nix/store/9vzsp32g7pjrsrdr12r8dj05zp7hvark-proj-9.4.0.drv","cpe:2.3:a:proj_project:proj:9.4.0:*:*:*:*:*:*:*","pkg:nix/proj@9.4.0","","proj","9.4.0","https://proj.org/","False","Cartographic Projections Library","mit","MIT","ivan.mincik@gmail.com;mail@nh2.me;nikolasovaskainen@gmail.com;sikmir@disroot.org;rschuetz17@gmail.com"
"protobuf-24.4","protobuf","24.4","","aarch64-linux","/nix/store/417v6lna027mxchjg5anja5my451r2pi-protobuf-24.4","['/nix/store/417v6lna027mxchjg5anja5my451r2pi-protobuf-24.4']","/nix/store/rajd7l2r2n1cn9k9f2mlcxml909j1v5d-protobuf-24.4.drv","cpe:2.3:a:protobuf:protobuf:24.4:*:*:*:*:*:*:*","pkg:nix/protobuf@24.4","","protobuf","24.4","https://protobuf.dev/","False","Google's data interchange format","bsd3","BSD-3-Clause","jonringer117@gmail.com"
"protobuf-c-unstable-2023-07-08","protobuf-c","unstable-2023-07-08","","aarch64-linux","/nix/store/wyqmrivk7hibyifpqawc0zw2ljr27cb3-protobuf-c-unstable-2023-07-08","['/nix/store/wyqmrivk7hibyifpqawc0zw2ljr27cb3-protobuf-c-unstable-2023-07-08']","/nix/store/z2x08yhmarc0xmjnhw463m0amkb3yl36-protobuf-c-unstable-2023-07-08.drv","cpe:2.3:a:protobuf-c_project:protobuf-c:unstable-2023-07-08:*:*:*:*:*:*:*","pkg:nix/protobuf-c@unstable-2023-07-08","","protobuf-c-unstable","2023-07-08","https://github.com/protobuf-c/protobuf-c/","False","C bindings for Google's Protocol Buffers","bsd2","BSD-2-Clause","nickcao@nichi.co"
"publicsuffix-list-0-unstable-2024-01-07","publicsuffix-list","0-unstable-2024-01-07","","aarch64-linux","/nix/store/87j9nfa1jvcdx4x7hz5byv0fs9wlqdxp-publicsuffix-list-0-unstable-2024-01-07","['/nix/store/87j9nfa1jvcdx4x7hz5byv0fs9wlqdxp-publicsuffix-list-0-unstable-2024-01-07']","/nix/store/z7rz7rx41vpwjgw06n1r1iizskrbasml-publicsuffix-list-0-unstable-2024-01-07.drv","cpe:2.3:a:publicsuffix-list:publicsuffix-list:0-unstable-2024-01-07:*:*:*:*:*:*:*","pkg:nix/publicsuffix-list@0-unstable-2024-01-07","","publicsuffix-list","0-unstable-2024-01-07","https://publicsuffix.org/","False","Cross-vendor public domain suffix database","mpl20","MPL-2.0","c0bw3b@gmail.com"
"python3-3.11.8","python3","3.11.8","/nix/store/jqin2kzvzrvi30cxda5zp7qz1fanmz7v-no-ldconfig.patch /nix/store/r112dk8w7zvdjipki58ch00m825li7fq-virtualenv-permissions.patch /nix/store/lpfs02z2i2hamz9f50p4bz6v0fs0600j-mimetypes.patch /nix/store/qy6yc7y93ljb5ad8a0f8q5nv652lycah-darwin-libutil.patch /nix/store/cv1ynpzvjjr0s72jkbblbzz3ymr87lpi-0001-On-all-posix-systems-not-just-Darwin-set-LDSHARED-if.patch /nix/store/57kclla9vza2n87xgwg1ap54d20cz6lb-fix-finding-headers-when-cross-compiling.patch /nix/store/khmchk8i5bkzlfghl98g3f0g240cslj9-loongarch-support.patch /nix/store/7f26mgj9vx5izbkbfirkd4m0dyxlrkvv-platform-triplet-detection.patch","aarch64-linux","/nix/store/m366grr7iy3d47r7ns0p8ppx5z3ghlv6-python3-3.11.8","['/nix/store/m366grr7iy3d47r7ns0p8ppx5z3ghlv6-python3-3.11.8']","/nix/store/77kpn6nkqxf8gz23swgvdxrkwj707w2d-python3-3.11.8.drv","cpe:2.3:a:python3:python3:3.11.8:*:*:*:*:*:*:*","pkg:nix/python3@3.11.8","","python3","3.11.8","https://www.python.org","False","A high-level dynamically-typed programming language","psfl","Python-2.0","fridh@fridh.nl"
"python3.11-numpy-1.26.4","python3.11-numpy","1.26.4","/nix/store/4la6rbba7jm051r4k2bj39smic4xnvcm-disable-failing-long-double-test-Rosetta-2.patch","aarch64-linux","/nix/store/4vy3r407d499v1pc6v04mgcxspffnnx5-python3.11-numpy-1.26.4","['/nix/store/4vy3r407d499v1pc6v04mgcxspffnnx5-python3.11-numpy-1.26.4']","/nix/store/y8k8nfppbr2xqfwjcyv0pbqihwpn3arv-python3.11-numpy-1.26.4.drv","cpe:2.3:a:python3.11-numpy:python3.11-numpy:1.26.4:*:*:*:*:*:*:*","pkg:nix/python3.11-numpy@1.26.4","","python3.11-numpy","1.26.4","https://numpy.org/","False","Scientific tools for Python","bsd3","BSD-3-Clause","fridh@fridh.nl"
"qhull-2020.2","qhull","2020.2","","aarch64-linux","/nix/store/vpwn79dlgw2slqsjlnf156pcy2qyswpl-qhull-2020.2","['/nix/store/vpwn79dlgw2slqsjlnf156pcy2qyswpl-qhull-2020.2']","/nix/store/kmahxkwhmhdd360q64xa773krj2qx74z-qhull-2020.2.drv","cpe:2.3:a:qhull:qhull:2020.2:*:*:*:*:*:*:*","pkg:nix/qhull@2020.2","","qhull","2020.2","http://www.qhull.org/","False","Compute the convex hull, Delaunay triangulation, Voronoi diagram and more","qhull","Qhull","orivej@gmx.fr"
"qrencode-4.1.1","qrencode","4.1.1","","aarch64-linux","/nix/store/l55408g9jy7jxpx8vzlazbb5x7qxsy3z-qrencode-4.1.1","['/nix/store/l55408g9jy7jxpx8vzlazbb5x7qxsy3z-qrencode-4.1.1']","/nix/store/c78w00s5vh2p8cg58nm7738xlmk384bs-qrencode-4.1.1.drv","cpe:2.3:a:qrencode_project:qrencode:4.1.1:*:*:*:*:*:*:*","pkg:nix/qrencode@4.1.1","","qrencode","4.1.1","https://fukuchi.org/works/qrencode/","False","C library for encoding data in a QR Code symbol","lgpl21Plus","LGPL-2.1-or-later","adolfo.garcia.cr@gmail.com;yana@riseup.net"
"readline-8.2p10","readline","8.2p10","/nix/store/bw6aa38615ww5karcn8kslsf5hxgz412-link-against-ncurses.patch /nix/store/0v7w62jca8nw6w31zs4y2805jj670f6p-no-arch_only-8.2.patch /nix/store/pynmb83ini5risjppj8ysygw1r5fzcl4-readline82-001 /nix/store/w6f56cv169rjs18hl1v831rlrcs8vbnz-readline82-002 /nix/store/vl24rqjmpf9d9qjhj68w6adrk9bnh0cx-readline82-003 /nix/store/3rak2kw8spyqjvl9w9rrc8s7k68m4pfp-readline82-004 /nix/store/pm27bsahqy6qii80k0llqn06xkx9hxhh-readline82-005 /nix/store/6y41plgfhvgcc63xfh89pkg9phs24kqp-readline82-006 /nix/store/cna1myj7m8h2baqsrr7jjxsmp1sj2nx9-readline82-007 /nix/store/sjv2chxjy62ljq29c3h2jm2yq03c43v6-readline82-008 /nix/store/v3j1appb13l1478s8p6kl88qv665933g-readline82-009 /nix/store/a77wv10rprkrjn28hbsxns8m140xhs5d-readline82-010","aarch64-linux","/nix/store/mjzbmp2lw8s7c82s7pp6zdl3hnzbblbf-readline-8.2p10","['/nix/store/mjzbmp2lw8s7c82s7pp6zdl3hnzbblbf-readline-8.2p10', '/nix/store/p6x5r9wi3ckcyjdkhvxyibcvqzw0qmkk-readline-8.2p10-dev']","/nix/store/msss1p5bgpvh2mxx2ddds7ks0ysy2009-readline-8.2p10.drv","cpe:2.3:a:gnu:readline:8.2p10:*:*:*:*:*:*:*","pkg:nix/readline@8.2p10","","readline","8.2p10","https://savannah.gnu.org/projects/readline/","False","Library for interactive line editing","gpl3Plus","GPL-3.0-or-later","w@wdtz.org"
"receipt","receipt","","","aarch64-linux","/nix/store/72pic88mawf1xgc7prg4dbmi78dik4yw-receipt","['/nix/store/72pic88mawf1xgc7prg4dbmi78dik4yw-receipt']","/nix/store/swzq5akssmn77gma7if4bpnydngaz0vx-receipt.drv","cpe:2.3:a:receipt:receipt::*:*:*:*:*:*:*","pkg:nix/receipt","","","","","","","","",""
"rum-1.3.13","rum","1.3.13","","aarch64-linux","/nix/store/15ljfpd9nhm9llc50qp7n2x0q724j8ab-rum-1.3.13","['/nix/store/15ljfpd9nhm9llc50qp7n2x0q724j8ab-rum-1.3.13']","/nix/store/ipby92q5ppckksvk6mkh94wqcdargviz-rum-1.3.13.drv","cpe:2.3:a:rum:rum:1.3.13:*:*:*:*:*:*:*","pkg:nix/rum@1.3.13","","rum","1.3.13","https://github.com/postgrespro/rum","False","Full text search index method for PostgreSQL","postgresql","PostgreSQL","d.anzorge@gmail.com"
"sfcgal-61f3b08ade49493b56c6bafa98c7c1f84addbc10","sfcgal","61f3b08ade49493b56c6bafa98c7c1f84addbc10","","aarch64-linux","/nix/store/j60hwryb14l3kczszawzsqn8zg1h3dz6-sfcgal-61f3b08ade49493b56c6bafa98c7c1f84addbc10","['/nix/store/j60hwryb14l3kczszawzsqn8zg1h3dz6-sfcgal-61f3b08ade49493b56c6bafa98c7c1f84addbc10']","/nix/store/cps3pn62sr0lqpqx1jzg6067l6kc22hh-sfcgal-61f3b08ade49493b56c6bafa98c7c1f84addbc10.drv","cpe:2.3:a:sfcgal:sfcgal:61f3b08ade49493b56c6bafa98c7c1f84addbc10:*:*:*:*:*:*:*","pkg:nix/sfcgal@61f3b08ade49493b56c6bafa98c7c1f84addbc10","","","","","","","","",""
"sqlite-3.45.2","sqlite","3.45.2","","aarch64-linux","/nix/store/702s46i3gd0w79ahcyixz3hdg7a708hs-sqlite-3.45.2","['/nix/store/702s46i3gd0w79ahcyixz3hdg7a708hs-sqlite-3.45.2']","/nix/store/gkd719qbsjgb6ayj085iab48zgllfm9n-sqlite-3.45.2.drv","cpe:2.3:a:sqlite:sqlite:3.45.2:*:*:*:*:*:*:*","pkg:nix/sqlite@3.45.2","","sqlite","3.45.2","https://www.sqlite.org/","False","A self-contained, serverless, zero-configuration, transactional SQL database engine","publicDomain","","edolstra+nixpkgs@gmail.com;np.nix@nicolaspouillard.fr"
"supabase-wrappers-0.4.1","supabase-wrappers","0.4.1","","aarch64-linux","/nix/store/4w41llzvw2gsxlja2076qjriyamwn1gr-supabase-wrappers-0.4.1","['/nix/store/4w41llzvw2gsxlja2076qjriyamwn1gr-supabase-wrappers-0.4.1']","/nix/store/miv6fwahpqv7vg96w7njna69v5dg27ds-supabase-wrappers-0.4.1.drv","cpe:2.3:a:supabase-wrappers:supabase-wrappers:0.4.1:*:*:*:*:*:*:*","pkg:nix/supabase-wrappers@0.4.1","","","","","","","","",""
"supautils-2.2.1","supautils","2.2.1","","aarch64-linux","/nix/store/936sbwjjwmmrrzd87disdvp7r1dbmc9l-supautils-2.2.1","['/nix/store/936sbwjjwmmrrzd87disdvp7r1dbmc9l-supautils-2.2.1']","/nix/store/vcvyajhfm2arhwng7w67by3xc649rmn9-supautils-2.2.1.drv","cpe:2.3:a:supautils:supautils:2.2.1:*:*:*:*:*:*:*","pkg:nix/supautils@2.2.1","","","","","","","","",""
"systemd-255.4","systemd","255.4","/nix/store/4hbfpmyhlq5irpir1bz4dm81hhdldyfz-0001-Start-device-units-for-uninitialised-encrypted-devic.patch /nix/store/sncv6c5949syix3x1j2jlgw16599q1l5-0002-Don-t-try-to-unmount-nix-or-nix-store.patch /nix/store/nyj0adxy006a82j9fkfw17flql90r502-0003-Fix-NixOS-containers.patch /nix/store/b85zd2gpg2vr94blfrrf2a6wq6s2475f-0004-Add-some-NixOS-specific-unit-directories.patch /nix/store/g5ypznmhxbjrsdvl5ap3rqqilbv9w791-0005-Get-rid-of-a-useless-message-in-user-sessions.patch /nix/store/jmh8bj6i8d1xmaianlnixd2pdir2n4lp-0006-hostnamed-localed-timedated-disable-methods-that-cha.patch /nix/store/c3z96bcivnryw3zl8iphzfmc2nnzq25g-0007-Change-usr-share-zoneinfo-to-etc-zoneinfo.patch /nix/store/br2kdzwg81bji3ks1b6f3x50jndnr2fr-0008-localectl-use-etc-X11-xkb-for-list-x11.patch /nix/store/wffrhm710psk6dl4kgk5j82rah3cxzcj-0009-add-rootprefix-to-lookup-dir-paths.patch /nix/store/z8yb6l58bsqiz3xhd60vgf6f7lgbkzk6-0010-systemd-shutdown-execute-scripts-in-etc-systemd-syst.patch /nix/store/i28bzp1n481h3wmcb35k0hxfz18na0bs-0011-systemd-sleep-execute-scripts-in-etc-systemd-system-.patch /nix/store/afb9jws9ps79yb25al7y4ch1jcylqjis-0012-path-util.h-add-placeholder-for-DEFAULT_PATH_NORMAL.patch /nix/store/dkxyq84ypssw43w34r3lmhlvvk5d4yvn-0013-inherit-systemd-environment-when-calling-generators.patch /nix/store/x9ssp3xwqwxm3dgdmbq054zdb2055hwl-0014-core-don-t-taint-on-unmerged-usr.patch /nix/store/iwn00yicf5f19sb7rgxlf4rhp4zmrf3d-0015-tpm2_context_init-fix-driver-name-checking.patch /nix/store/jbpairfqmvbs0s245zpbdvazcwpdanxn-0016-systemctl-edit-suggest-systemdctl-edit-runtime-on-sy.patch /nix/store/s7h748g85p6kviq6n705qfrc9nxzwdj0-0017-meson.build-do-not-create-systemdstatedir.patch /nix/store/585sshb8d53rlg2igkll14qb0ayybwi1-0018-timesyncd-disable-NSCD-when-DNSSEC-validation-is-dis.patch","aarch64-linux","/nix/store/ss6bfrdx69ng9f448d5hq1683hkpxcng-systemd-255.4","['/nix/store/gpg8aap0142iivxprl80b1f40m0qilar-systemd-255.4-dev', '/nix/store/ss6bfrdx69ng9f448d5hq1683hkpxcng-systemd-255.4']","/nix/store/igslxv7mpppigfdfh6yr2b0zdwj05bh9-systemd-255.4.drv","cpe:2.3:a:systemd:systemd:255.4:*:*:*:*:*:*:*","pkg:nix/systemd@255.4","","systemd","255.4","https://www.freedesktop.org/wiki/Software/systemd/","False","A system and service manager for Linux","bsd2;bsd3;cc0;lgpl21Plus;lgpl2Plus;mit;mit0;ofl;publicDomain","BSD-2-Clause;BSD-3-Clause;CC0-1.0;LGPL-2.1-or-later;LGPL-2.0-or-later;MIT;MIT-0;OFL-1.1","flokli@flokli.de;me@kloenk.dev"
"systemd-minimal-libs-255.4","systemd-minimal-libs","255.4","/nix/store/4hbfpmyhlq5irpir1bz4dm81hhdldyfz-0001-Start-device-units-for-uninitialised-encrypted-devic.patch /nix/store/sncv6c5949syix3x1j2jlgw16599q1l5-0002-Don-t-try-to-unmount-nix-or-nix-store.patch /nix/store/nyj0adxy006a82j9fkfw17flql90r502-0003-Fix-NixOS-containers.patch /nix/store/b85zd2gpg2vr94blfrrf2a6wq6s2475f-0004-Add-some-NixOS-specific-unit-directories.patch /nix/store/g5ypznmhxbjrsdvl5ap3rqqilbv9w791-0005-Get-rid-of-a-useless-message-in-user-sessions.patch /nix/store/jmh8bj6i8d1xmaianlnixd2pdir2n4lp-0006-hostnamed-localed-timedated-disable-methods-that-cha.patch /nix/store/c3z96bcivnryw3zl8iphzfmc2nnzq25g-0007-Change-usr-share-zoneinfo-to-etc-zoneinfo.patch /nix/store/br2kdzwg81bji3ks1b6f3x50jndnr2fr-0008-localectl-use-etc-X11-xkb-for-list-x11.patch /nix/store/wffrhm710psk6dl4kgk5j82rah3cxzcj-0009-add-rootprefix-to-lookup-dir-paths.patch /nix/store/z8yb6l58bsqiz3xhd60vgf6f7lgbkzk6-0010-systemd-shutdown-execute-scripts-in-etc-systemd-syst.patch /nix/store/i28bzp1n481h3wmcb35k0hxfz18na0bs-0011-systemd-sleep-execute-scripts-in-etc-systemd-system-.patch /nix/store/afb9jws9ps79yb25al7y4ch1jcylqjis-0012-path-util.h-add-placeholder-for-DEFAULT_PATH_NORMAL.patch /nix/store/dkxyq84ypssw43w34r3lmhlvvk5d4yvn-0013-inherit-systemd-environment-when-calling-generators.patch /nix/store/x9ssp3xwqwxm3dgdmbq054zdb2055hwl-0014-core-don-t-taint-on-unmerged-usr.patch /nix/store/iwn00yicf5f19sb7rgxlf4rhp4zmrf3d-0015-tpm2_context_init-fix-driver-name-checking.patch /nix/store/jbpairfqmvbs0s245zpbdvazcwpdanxn-0016-systemctl-edit-suggest-systemdctl-edit-runtime-on-sy.patch /nix/store/s7h748g85p6kviq6n705qfrc9nxzwdj0-0017-meson.build-do-not-create-systemdstatedir.patch /nix/store/585sshb8d53rlg2igkll14qb0ayybwi1-0018-timesyncd-disable-NSCD-when-DNSSEC-validation-is-dis.patch","aarch64-linux","/nix/store/pv88z7skk6y8qcjxddg3a2ywdbxq0lkf-systemd-minimal-libs-255.4","['/nix/store/pv88z7skk6y8qcjxddg3a2ywdbxq0lkf-systemd-minimal-libs-255.4']","/nix/store/8famdpm7hqz1hmzrf1plz4c3cvml8x38-systemd-minimal-libs-255.4.drv","cpe:2.3:a:systemd-minimal-libs:systemd-minimal-libs:255.4:*:*:*:*:*:*:*","pkg:nix/systemd-minimal-libs@255.4","","systemd-minimal-libs","255.4","https://www.freedesktop.org/wiki/Software/systemd/","False","A system and service manager for Linux","bsd2;bsd3;cc0;lgpl21Plus;lgpl2Plus;mit;mit0;ofl;publicDomain","BSD-2-Clause;BSD-3-Clause;CC0-1.0;LGPL-2.1-or-later;LGPL-2.0-or-later;MIT;MIT-0;OFL-1.1","flokli@flokli.de;me@kloenk.dev"
"timescaledb-2.9.1","timescaledb","2.9.1","","aarch64-linux","/nix/store/b36dy2kapf545jsnwlma2aw2lp7qqpb9-timescaledb-2.9.1","['/nix/store/b36dy2kapf545jsnwlma2aw2lp7qqpb9-timescaledb-2.9.1']","/nix/store/lm14rnd0r0znzqm39cg85z2jr0fiy9fx-timescaledb-2.9.1.drv","cpe:2.3:a:timescale:timescaledb:2.9.1:*:*:*:*:*:*:*","pkg:nix/timescaledb@2.9.1","","","","","","","","",""
"tpm2-tss-4.0.1","tpm2-tss","4.0.1","/nix/store/mbqd3cg1br8ad6mkiz7f6gqg1g0ix7i8-no-dynamic-loader-path.patch /nix/store/m2hd8v664f05ys7bnv7n9jgi5mmnkzs2-skip-test-fapi-fix-provisioning-with-template-if-no-certificate-available.patch","aarch64-linux","/nix/store/166vfmdly70bd1d9wwpvkjjmzqf7b8fs-tpm2-tss-4.0.1","['/nix/store/166vfmdly70bd1d9wwpvkjjmzqf7b8fs-tpm2-tss-4.0.1']","/nix/store/lbxk1gjbrn1s0kqlp13kbxl14k0qgl94-tpm2-tss-4.0.1.drv","cpe:2.3:a:tpm2-tss:tpm2-tss:4.0.1:*:*:*:*:*:*:*","pkg:nix/tpm2-tss@4.0.1","","tpm2-tss","4.0.1","https://github.com/tpm2-software/tpm2-tss","False","OSS implementation of the TCG TPM2 Software Stack (TSS2)","bsd2","BSD-2-Clause","nixpkgs@superbaloo.net"
"tzdata-2024a","tzdata","2024a","","aarch64-linux","/nix/store/pb7gl06mg73apygdb6ijmvxz4hq4zy45-tzdata-2024a","['/nix/store/pb7gl06mg73apygdb6ijmvxz4hq4zy45-tzdata-2024a']","/nix/store/bnbr0v5vf9kr5gqp5dfvvjj9vbhx83ak-tzdata-2024a.drv","cpe:2.3:a:tzdata:tzdata:2024a:*:*:*:*:*:*:*","pkg:nix/tzdata@2024a","","tzdata","2024a","http://www.iana.org/time-zones","False","Database of current and historical time zones","bsd3;publicDomain","BSD-3-Clause","nix@ajs124.de;fpletz@fnordicwalking.de"
"unbound-1.19.2","unbound","1.19.2","/nix/store/8maj3xnkf65v47iqcm3ijy7acnpxlf1y-59d98b9ef64e597c331c27160715d7a1b40c8638.patch /nix/store/x2svfx3ggarjrkl9hfmsr8yvqmbzc8xk-93490a0fc1bf9e62e6edcd6b69f1463c7ac410e9.patch /nix/store/5xpkd6z16d8b0nghp6ikrp249ygigdvj-3f5175584b0bb9ff7d417bc195ec6e4316ae58d3.patch","aarch64-linux","/nix/store/dp052rczwjld4mvf2k20dwkwjmmk509c-unbound-1.19.2","['/nix/store/v0risdab9wn6lrvmm8dhwwp162ayjc3s-unbound-1.19.2-lib']","/nix/store/c1his5mq1dsbnqs7dnycc4v6cpygjd24-unbound-1.19.2.drv","cpe:2.3:a:unbound:unbound:1.19.2:*:*:*:*:*:*:*","pkg:nix/unbound@1.19.2","","unbound","1.19.2","https://www.unbound.net","False","Validating, recursive, and caching DNS resolver","bsd3","BSD-3-Clause","janne@hess.ooo"
"util-linux-minimal-2.39.3","util-linux-minimal","2.39.3","/nix/store/1j9sp0yd6jbcbkwsc5a826rxqy3lk6vh-rtcwake-search-PATH-for-shutdown.patch","aarch64-linux","/nix/store/38msndh4swv96wv4pin16zbs8bbr8gw5-util-linux-minimal-2.39.3","['/nix/store/a5yi49jbja3187gjvhj34kxcyj188xdf-util-linux-minimal-2.39.3-mount', '/nix/store/p9zkj607dd9cy6bx6ygf69r0x8vlb42w-util-linux-minimal-2.39.3-swap', '/nix/store/s8h457hc7y7qlciczmsm3gj0r7wnvvcb-util-linux-minimal-2.39.3-lib', '/nix/store/x26x3x7jj6qg0lqi1rx1hg401rbnggnp-util-linux-minimal-2.39.3-login']","/nix/store/yb44v1r1bsmwhcr204kfh8bjmv86lbyz-util-linux-minimal-2.39.3.drv","cpe:2.3:a:util-linux-minimal:util-linux-minimal:2.39.3:*:*:*:*:*:*:*","pkg:nix/util-linux-minimal@2.39.3","","util-linux-minimal","2.39.3","https://www.kernel.org/pub/linux/utils/util-linux/","False","A set of system utilities for Linux","gpl2Only;gpl2Plus;gpl3Plus;lgpl21Plus;bsd3;bsdOriginalUC;publicDomain","GPL-2.0-only;GPL-2.0-or-later;GPL-3.0-or-later;LGPL-2.1-or-later;BSD-3-Clause;BSD-4-Clause-UC",""
"vault-0.2.9","vault","0.2.9","","aarch64-linux","/nix/store/xc5kiqgdmj6xpkamiay67l44c49x0yrc-vault-0.2.9","['/nix/store/xc5kiqgdmj6xpkamiay67l44c49x0yrc-vault-0.2.9']","/nix/store/bchg06wvgmd9j7kvmgvx7bjfjd2v1hsr-vault-0.2.9.drv","cpe:2.3:a:vault:vault:0.2.9:*:*:*:*:*:*:*","pkg:nix/vault@0.2.9","","","","","","","","",""
"wal2json-2_5","wal2json","2_5","","aarch64-linux","/nix/store/61bszd9yf7vwiw48gr93cjjwyra73chg-wal2json-2_5","['/nix/store/61bszd9yf7vwiw48gr93cjjwyra73chg-wal2json-2_5']","/nix/store/88d99rm1ps26ml4wcczn0nafyr0ppg1c-wal2json-2_5.drv","cpe:2.3:a:wal2json:wal2json:2_5:*:*:*:*:*:*:*","pkg:nix/wal2json@2_5","","","","","","","","",""
"xerces-c-3.2.5","xerces-c","3.2.5","","aarch64-linux","/nix/store/irrll3i80kwlvc5mwvhawi9d4rysais8-xerces-c-3.2.5","['/nix/store/irrll3i80kwlvc5mwvhawi9d4rysais8-xerces-c-3.2.5']","/nix/store/w3m5bjvwamhi682lvj4837c7j6mfipx8-xerces-c-3.2.5.drv","cpe:2.3:a:apache:xerces-c:3.2.5:*:*:*:*:*:*:*","pkg:nix/xerces-c@3.2.5","","xerces-c","3.2.5","https://xerces.apache.org/xerces-c/","False","Validating XML parser written in a portable subset of C++","asl20","Apache-2.0",""
"xgcc-13.2.0","xgcc","13.2.0","/nix/store/9577hmdlmhki67cg8ar85cvidyg7xr7p-gcc-12-no-sys-dirs.patch /nix/store/7x6bimj6ipi6ag859gi2fc6by87x37j7-no-sys-dirs-riscv.patch /nix/store/xpplvxiwb4li2qd5nvhyd2mngrpna0ya-mangle-NIX_STORE-in-__FILE__.patch /nix/store/632b0y5mkcdwbsw2g3xh5qznw2vv5axr-ppc-musl.patch /nix/store/g1sn1rmgwdl4s2xymw7zxflzx6y9y0fm-ICE-PR110280.patch","aarch64-linux","/nix/store/8k5midfvbylvdmgx9pb1gx0jhk4fjrlp-xgcc-13.2.0","['/nix/store/yavi60qz9ls7mjf87mkhad621l9p2d4l-xgcc-13.2.0-libgcc']","/nix/store/rxps85390wpi9aw4h1rxjxswr1ql1zc2-xgcc-13.2.0.drv","cpe:2.3:a:xgcc:xgcc:13.2.0:*:*:*:*:*:*:*","pkg:nix/xgcc@13.2.0","","","","","","","","",""
"xxHash-0.8.2","xxHash","0.8.2","","aarch64-linux","/nix/store/4rjybk729qd9chlci55csx7fz2wrf8js-xxHash-0.8.2","['/nix/store/4rjybk729qd9chlci55csx7fz2wrf8js-xxHash-0.8.2']","/nix/store/cspbs140k7xf8n7gsxbx8y5n3kfmr01b-xxHash-0.8.2.drv","cpe:2.3:a:xxHash:xxHash:0.8.2:*:*:*:*:*:*:*","pkg:nix/xxHash@0.8.2","","xxHash","0.8.2","https://github.com/Cyan4973/xxHash","False","Extremely fast hash algorithm","bsd2;gpl2","BSD-2-Clause;GPL-2.0","orivej@gmx.fr"
"xz-5.4.6","xz","5.4.6","","aarch64-linux","/nix/store/hfrv382bw7y1fh6k123m87vqmxyb0nl2-xz-5.4.6","['/nix/store/1m5sgjjb9qqffvrjchra7m2231zy2d6s-xz-5.4.6-bin', '/nix/store/hfrv382bw7y1fh6k123m87vqmxyb0nl2-xz-5.4.6']","/nix/store/j3j711ppwgy4gm53fbfi6pjmf89f145q-xz-5.4.6.drv","cpe:2.3:a:xz:xz:5.4.6:*:*:*:*:*:*:*","pkg:nix/xz@5.4.6","","xz","5.4.6","https://tukaani.org/xz/","False","A general-purpose data compression software, successor of LZMA","gpl2Plus;lgpl21Plus","GPL-2.0-or-later;LGPL-2.1-or-later","s.vanderburg@tudelft.nl"
"zlib-1.3.1","zlib","1.3.1","","aarch64-linux","/nix/store/ymav8nb29vsdryddi435xcig3pk7i00q-zlib-1.3.1","['/nix/store/ymav8nb29vsdryddi435xcig3pk7i00q-zlib-1.3.1', '/nix/store/yr282al1gibspccds4xrpz5wsxig7p23-zlib-1.3.1-dev']","/nix/store/lvvpjfkdg0fjqxhqif9hrp0y30q6zzns-zlib-1.3.1.drv","cpe:2.3:a:zlib:zlib:1.3.1:*:*:*:*:*:*:*","pkg:nix/zlib@1.3.1","","zlib","1.3.1","https://zlib.net","False","Lossless data-compression library","zlib","Zlib",""
"zstd-1.5.5","zstd","1.5.5","/nix/store/n91acyjrlchm0snw0w16i4683pf788ax-playtests-darwin.patch","aarch64-linux","/nix/store/mxvqrp4jj6zklxc1i32ra8iapnzynyzc-zstd-1.5.5","['/nix/store/cjavnanbqz534mq5f0yr99kp8qkwl3wm-zstd-1.5.5-dev', '/nix/store/mxvqrp4jj6zklxc1i32ra8iapnzynyzc-zstd-1.5.5', '/nix/store/xj091kd22h3zg5dbpfnafnkj8j2skgjh-zstd-1.5.5-bin']","/nix/store/9g2gndyn7qk2ds9sx6m2w8x0x9rv065k-zstd-1.5.5.drv","cpe:2.3:a:zstd:zstd:1.5.5:*:*:*:*:*:*:*","pkg:nix/zstd@1.5.5","","zstd","1.5.5","https://facebook.github.io/zstd/","False","Zstandard real-time compression algorithm","bsd3","BSD-3-Clause","orivej@gmx.fr"
